日期UTC,當日外部入金U,當日交易盈虧U,日末權益U,累計交易盈虧U,累計投入U
2020-05-30,0.00,22.42018756,122.42018756,22.42018756,100.00
2020-05-31,0.00,-11.28078608,111.13940148,11.13940148,100.00
2020-06-01,300.00,15.89682260,427.03622408,27.03622408,400.00
2020-06-02,0.00,-10.41923647,416.61698761,16.61698761,400.00
2020-06-03,0.00,6.18112488,422.79811249,22.79811249,400.00
2020-06-04,0.00,-1.20824980,421.58986269,21.58986269,400.00
2020-06-05,0.00,-2.96505604,418.62480665,18.62480665,400.00
2020-06-06,0.00,1.69990240,420.32470905,20.32470905,400.00
2020-06-07,0.00,2.33479348,422.65950253,22.65950253,400.00
2020-06-08,0.00,1.70804775,424.36755028,24.36755028,400.00
2020-06-09,0.00,-2.55536330,421.81218698,21.81218698,400.00
2020-06-10,0.00,3.58512592,425.39731290,25.39731290,400.00
2020-06-11,0.00,-16.17056274,409.22675015,9.22675015,400.00
2020-06-12,0.00,6.35699760,415.58374775,15.58374775,400.00
2020-06-13,0.00,0.58776500,416.17151275,16.17151275,400.00
2020-06-14,0.00,-5.81519304,410.35631971,10.35631971,400.00
2020-06-15,0.00,-13.13723871,397.21908100,-2.78091900,400.00
2020-06-16,0.00,15.05899512,412.27807612,12.27807612,400.00
2020-06-17,0.00,-5.40592650,406.87214962,6.87214962,400.00
2020-06-18,0.00,-8.98506999,397.88707963,-2.11292037,400.00
2020-06-19,0.00,-8.28026901,389.60681062,-10.39318938,400.00
2020-06-20,0.00,-7.46740669,382.13940393,-17.86059607,400.00
2020-06-21,0.00,-3.26611389,378.87329004,-21.12670996,400.00
2020-06-22,0.00,50.66471280,429.53800284,29.53800284,400.00
2020-06-23,0.00,-0.31491122,429.22309162,29.22309162,400.00
2020-06-24,0.00,-29.24297584,399.98011578,-0.01988422,400.00
2020-06-25,0.00,-7.13162086,392.84849492,-7.15150508,400.00
2020-06-26,0.00,-10.30879055,382.53970438,-17.46029562,400.00
2020-06-27,0.00,0.00000000,382.53970438,-17.46029562,400.00
2020-06-28,0.00,0.00000000,382.53970438,-17.46029562,400.00
2020-06-29,0.00,0.00000000,382.53970438,-17.46029562,400.00
2020-06-30,0.00,0.00000000,382.53970438,-17.46029562,400.00
2020-07-01,300.00,-1.56303025,680.97667412,-19.02332588,700.00
2020-07-02,0.00,-52.13236808,628.84430604,-71.15569396,700.00
2020-07-03,0.00,0.00000000,628.84430604,-71.15569396,700.00
2020-07-04,0.00,0.00000000,628.84430604,-71.15569396,700.00
2020-07-05,0.00,0.00000000,628.84430604,-71.15569396,700.00
2020-07-06,0.00,46.97299543,675.81730147,-24.18269853,700.00
2020-07-07,0.00,-12.29461506,663.52268641,-36.47731359,700.00
2020-07-08,0.00,41.59093848,705.11362489,5.11362489,700.00
2020-07-09,0.00,-28.45048805,676.66313684,-23.33686316,700.00
2020-07-10,0.00,-3.88797318,672.77516366,-27.22483634,700.00
2020-07-11,0.00,-11.96914446,660.80601920,-39.19398080,700.00
2020-07-12,0.00,19.10050506,679.90652426,-20.09347574,700.00
2020-07-13,0.00,-18.01746083,661.88906343,-38.11093657,700.00
2020-07-14,0.00,4.84940274,666.73846617,-33.26153383,700.00
2020-07-15,0.00,-11.14846278,655.59000339,-44.40999661,700.00
2020-07-16,0.00,-37.01609074,618.57391265,-81.42608735,700.00
2020-07-17,0.00,0.00000000,618.57391265,-81.42608735,700.00
2020-07-18,0.00,2.94218401,621.51609667,-78.48390333,700.00
2020-07-19,0.00,18.27965607,639.79575274,-60.20424726,700.00
2020-07-20,0.00,-17.22435338,622.57139936,-77.42860064,700.00
2020-07-21,0.00,50.41021791,672.98161727,-27.01838273,700.00
2020-07-22,0.00,99.33387217,772.31548944,72.31548944,700.00
2020-07-23,0.00,57.60504212,829.92053155,129.92053155,700.00
2020-07-24,0.00,17.87951095,847.80004250,147.80004250,700.00
2020-07-25,0.00,138.45977894,986.25982144,286.25982144,700.00
2020-07-26,0.00,27.06502250,1013.32484394,313.32484394,700.00
2020-07-27,0.00,54.20901737,1067.53386131,367.53386131,700.00
2020-07-28,0.00,-33.23769549,1034.29616582,334.29616582,700.00
2020-07-29,0.00,0.52241439,1034.81858020,334.81858020,700.00
2020-07-30,0.00,88.30875913,1123.12733933,423.12733933,700.00
2020-07-31,0.00,54.93864281,1178.06598214,478.06598214,700.00
2020-08-01,300.00,215.05782550,1693.12380764,693.12380764,1000.00
2020-08-02,0.00,-82.64745882,1610.47634883,610.47634883,1000.00
2020-08-03,0.00,68.39405444,1678.87040326,678.87040326,1000.00
2020-08-04,0.00,17.56737548,1696.43777874,696.43777874,1000.00
2020-08-05,0.00,53.56060310,1749.99838184,749.99838184,1000.00
2020-08-06,0.00,-35.24733789,1714.75104395,714.75104395,1000.00
2020-08-07,0.00,-85.09521261,1629.65583134,629.65583134,1000.00
2020-08-08,0.00,93.59903640,1723.25486774,723.25486774,1000.00
2020-08-09,0.00,-39.37701589,1683.87785185,683.87785185,1000.00
2020-08-10,0.00,24.10167261,1707.97952446,707.97952446,1000.00
2020-08-11,0.00,-91.27455435,1616.70497012,616.70497012,1000.00
2020-08-12,0.00,41.60965021,1658.31462033,658.31462033,1000.00
2020-08-13,0.00,198.90490055,1857.21952088,857.21952088,1000.00
2020-08-14,0.00,62.64866669,1919.86818758,919.86818758,1000.00
2020-08-15,0.00,-38.03635490,1881.83183267,881.83183267,1000.00
2020-08-16,0.00,2.51017777,1884.34201045,884.34201045,1000.00
2020-08-17,0.00,-20.80256510,1863.53944535,863.53944535,1000.00
2020-08-18,0.00,-54.06881787,1809.47062749,809.47062749,1000.00
2020-08-19,0.00,-80.53173042,1728.93889706,728.93889706,1000.00
2020-08-20,0.00,44.47913452,1773.41803159,773.41803159,1000.00
2020-08-21,0.00,-150.35002122,1623.06801037,623.06801037,1000.00
2020-08-22,0.00,37.69899406,1660.76700443,660.76700443,1000.00
2020-08-23,0.00,-24.95133518,1635.81566925,635.81566925,1000.00
2020-08-24,0.00,88.46648655,1724.28215580,724.28215580,1000.00
2020-08-25,0.00,-133.30977341,1590.97238239,590.97238239,1000.00
2020-08-26,0.00,14.56773916,1605.54012155,605.54012155,1000.00
2020-08-27,0.00,-13.54111506,1591.99900648,591.99900648,1000.00
2020-08-28,0.00,60.83884629,1652.83785278,652.83785278,1000.00
2020-08-29,0.00,18.12137106,1670.95922384,670.95922384,1000.00
2020-08-30,0.00,161.64785091,1832.60707475,832.60707475,1000.00
2020-08-31,0.00,25.53882292,1858.14589767,858.14589767,1000.00
2020-09-01,300.00,219.30353158,2377.44942924,1077.44942924,1300.00
2020-09-02,0.00,-194.02392267,2183.42550658,883.42550658,1300.00
2020-09-03,0.00,-310.62925512,1872.79625146,572.79625146,1300.00
2020-09-04,0.00,9.43513728,1882.23138874,582.23138874,1300.00
2020-09-05,0.00,0.00000000,1882.23138874,582.23138874,1300.00
2020-09-06,0.00,0.00000000,1882.23138874,582.23138874,1300.00
2020-09-07,0.00,0.00000000,1882.23138874,582.23138874,1300.00
2020-09-08,0.00,0.00000000,1882.23138874,582.23138874,1300.00
2020-09-09,0.00,0.00000000,1882.23138874,582.23138874,1300.00
2020-09-10,0.00,0.00000000,1882.23138874,582.23138874,1300.00
2020-09-11,0.00,0.00000000,1882.23138874,582.23138874,1300.00
2020-09-12,0.00,0.00000000,1882.23138874,582.23138874,1300.00
2020-09-13,0.00,-209.83874004,1672.39264870,372.39264870,1300.00
2020-09-14,0.00,0.00000000,1672.39264870,372.39264870,1300.00
2020-09-15,0.00,0.00000000,1672.39264870,372.39264870,1300.00
2020-09-16,0.00,0.00000000,1672.39264870,372.39264870,1300.00
2020-09-17,0.00,54.04766027,1726.44030897,426.44030897,1300.00
2020-09-18,0.00,-43.45505320,1682.98525577,382.98525577,1300.00
2020-09-19,0.00,3.58337356,1686.56862933,386.56862933,1300.00
2020-09-20,0.00,-117.45658318,1569.11204615,269.11204615,1300.00
2020-09-21,0.00,0.00000000,1569.11204615,269.11204615,1300.00
2020-09-22,0.00,0.00000000,1569.11204615,269.11204615,1300.00
2020-09-23,0.00,0.00000000,1569.11204615,269.11204615,1300.00
2020-09-24,0.00,0.00000000,1569.11204615,269.11204615,1300.00
2020-09-25,0.00,0.00000000,1569.11204615,269.11204615,1300.00
2020-09-26,0.00,0.00000000,1569.11204615,269.11204615,1300.00
2020-09-27,0.00,0.00000000,1569.11204615,269.11204615,1300.00
2020-09-28,0.00,0.00000000,1569.11204615,269.11204615,1300.00
2020-09-29,0.00,0.00000000,1569.11204615,269.11204615,1300.00
2020-09-30,0.00,0.00000000,1569.11204615,269.11204615,1300.00
2020-10-01,300.00,-74.25454022,1794.85750592,194.85750592,1600.00
2020-10-02,0.00,0.00000000,1794.85750592,194.85750592,1600.00
2020-10-03,0.00,0.00000000,1794.85750592,194.85750592,1600.00
2020-10-04,0.00,0.00000000,1794.85750592,194.85750592,1600.00
2020-10-05,0.00,0.00000000,1794.85750592,194.85750592,1600.00
2020-10-06,0.00,0.00000000,1794.85750592,194.85750592,1600.00
2020-10-07,0.00,0.00000000,1794.85750592,194.85750592,1600.00
2020-10-08,0.00,0.00000000,1794.85750592,194.85750592,1600.00
2020-10-09,0.00,6.73736416,1801.59487008,201.59487008,1600.00
2020-10-10,0.00,54.23533388,1855.83020396,255.83020396,1600.00
2020-10-11,0.00,35.71980461,1891.55000857,291.55000857,1600.00
2020-10-12,0.00,122.02094904,2013.57095761,413.57095761,1600.00
2020-10-13,0.00,-57.59413441,1955.97682320,355.97682320,1600.00
2020-10-14,0.00,-24.78976112,1931.18706208,331.18706208,1600.00
2020-10-15,0.00,-12.30961144,1918.87745064,318.87745064,1600.00
2020-10-16,0.00,-123.06666342,1795.81078722,195.81078722,1600.00
2020-10-17,0.00,27.34427186,1823.15505908,223.15505908,1600.00
2020-10-18,0.00,98.98354618,1922.13860526,322.13860526,1600.00
2020-10-19,0.00,10.64156422,1932.78016948,332.78016948,1600.00
2020-10-20,0.00,-109.30763756,1823.47253192,223.47253192,1600.00
2020-10-21,0.00,218.18923313,2041.66176505,441.66176505,1600.00
2020-10-22,0.00,225.41524796,2267.07701301,667.07701301,1600.00
2020-10-23,0.00,-54.38274907,2212.69426394,612.69426394,1600.00
2020-10-24,0.00,24.07843818,2236.77270212,636.77270212,1600.00
2020-10-25,0.00,-64.32768384,2172.44501828,572.44501828,1600.00
2020-10-26,0.00,-138.47397510,2033.97104318,433.97104318,1600.00
2020-10-27,0.00,109.94472449,2143.91576767,543.91576767,1600.00
2020-10-28,0.00,-155.38844614,1988.52732153,388.52732153,1600.00
2020-10-29,0.00,-13.43907798,1975.08824355,375.08824355,1600.00
2020-10-30,0.00,-106.13441458,1868.95382898,268.95382898,1600.00
2020-10-31,0.00,37.55497155,1906.50880053,306.50880053,1600.00
2020-11-01,300.00,103.61566825,2310.12446878,410.12446878,1900.00
2020-11-02,0.00,-137.89157353,2172.23289525,272.23289525,1900.00
2020-11-03,0.00,-92.53689631,2079.69599894,179.69599894,1900.00
2020-11-04,0.00,-79.72183263,1999.97416630,99.97416630,1900.00
2020-11-05,0.00,133.55757950,2133.53174580,233.53174580,1900.00
2020-11-06,0.00,385.17884748,2518.71059328,618.71059328,1900.00
2020-11-07,0.00,-217.97269655,2300.73789673,400.73789673,1900.00
2020-11-08,0.00,186.96977578,2487.70767252,587.70767252,1900.00
2020-11-09,0.00,-105.18845023,2382.51922228,482.51922228,1900.00
2020-11-10,0.00,55.73885645,2438.25807874,538.25807874,1900.00
2020-11-11,0.00,122.34766974,2560.60574848,660.60574848,1900.00
2020-11-12,0.00,-9.46157117,2551.14417731,651.14417731,1900.00
2020-11-13,0.00,138.15543114,2689.29960845,789.29960845,1900.00
2020-11-14,0.00,-162.13933443,2527.16027402,627.16027402,1900.00
2020-11-15,0.00,-130.03791672,2397.12235730,497.12235730,1900.00
2020-11-16,0.00,124.48597500,2521.60833230,621.60833230,1900.00
2020-11-17,0.00,214.74417812,2736.35251042,836.35251042,1900.00
2020-11-18,0.00,-45.50442946,2690.84808096,790.84808096,1900.00
2020-11-19,0.00,-75.45011189,2615.39796907,715.39796907,1900.00
2020-11-20,0.00,382.00103647,2997.39900554,1097.39900554,1900.00
2020-11-21,0.00,432.90323964,3430.30224518,1530.30224518,1900.00
2020-11-22,0.00,50.27286465,3480.57510983,1580.57510983,1900.00
2020-11-23,0.00,467.36549781,3947.94060764,2047.94060764,1900.00
2020-11-24,0.00,-50.68282819,3897.25777945,1997.25777945,1900.00
2020-11-25,0.00,-374.60975839,3522.64802105,1622.64802105,1900.00
2020-11-26,0.00,-500.37283933,3022.27518172,1122.27518172,1900.00
2020-11-27,0.00,-15.63288837,3006.64229335,1106.64229335,1900.00
2020-11-28,0.00,184.20092652,3190.84321987,1290.84321987,1900.00
2020-11-29,0.00,388.34170314,3579.18492301,1679.18492301,1900.00
2020-11-30,0.00,403.08088277,3982.26580578,2082.26580578,1900.00
2020-12-01,300.00,-323.00909227,3959.25671351,1759.25671351,2200.00
2020-12-02,0.00,105.54185688,4064.79857039,1864.79857039,2200.00
2020-12-03,0.00,186.78466895,4251.58323934,2051.58323934,2200.00
2020-12-04,0.00,-489.96780624,3761.61543311,1561.61543311,2200.00
2020-12-05,0.00,290.36472318,4051.98015629,1851.98015629,2200.00
2020-12-06,0.00,47.20188534,4099.18204163,1899.18204163,2200.00
2020-12-07,0.00,-102.20169540,3996.98034623,1796.98034623,2200.00
2020-12-08,0.00,-370.79715974,3626.18318649,1426.18318649,2200.00
2020-12-09,0.00,179.48308794,3805.66627443,1605.66627443,2200.00
2020-12-10,0.00,-137.56931946,3668.09695497,1468.09695497,2200.00
2020-12-11,0.00,-152.20247202,3515.89448295,1315.89448295,2200.00
2020-12-12,0.00,234.81068400,3750.70516695,1550.70516695,2200.00
2020-12-13,0.00,224.41467348,3975.11984043,1775.11984043,2200.00
2020-12-14,0.00,-47.65615206,3927.46368837,1727.46368837,2200.00
2020-12-15,0.00,22.98750324,3950.45119161,1750.45119161,2200.00
2020-12-16,0.00,483.43192392,4433.88311553,2233.88311553,2200.00
2020-12-17,0.00,36.40726959,4470.29038512,2270.29038512,2200.00
2020-12-18,0.00,105.19225888,4575.48264401,2375.48264401,2200.00
2020-12-19,0.00,29.67066192,4605.15330592,2405.15330592,2200.00
2020-12-20,0.00,-216.48665218,4388.66665375,2188.66665375,2200.00
2020-12-21,0.00,-306.52819907,4082.13845468,1882.13845468,2200.00
2020-12-22,0.00,288.60105537,4370.73951005,2170.73951005,2200.00
2020-12-23,0.00,-523.57768969,3847.16182036,1647.16182036,2200.00
2020-12-24,0.00,268.47743310,4115.63925346,1915.63925346,2200.00
2020-12-25,0.00,147.09984297,4262.73909644,2062.73909644,2200.00
2020-12-26,0.00,105.52950774,4368.26860418,2168.26860418,2200.00
2020-12-27,0.00,471.26764817,4839.53625235,2639.53625235,2200.00
2020-12-28,0.00,434.48777371,5274.02402605,3074.02402605,2200.00
2020-12-29,0.00,9.15698709,5283.18101314,3083.18101314,2200.00
2020-12-30,0.00,179.99829536,5463.17930850,3263.17930850,2200.00
2020-12-31,0.00,-170.22099493,5292.95831357,3092.95831357,2200.00
2021-01-01,300.00,-85.60811399,5507.35019958,3007.35019958,2500.00
2021-01-02,0.00,439.48623498,5946.83643457,3446.83643457,2500.00
2021-01-03,0.00,2029.70876939,7976.54520396,5476.54520396,2500.00
2021-01-04,0.00,552.48605186,8529.03125581,6029.03125581,2500.00
2021-01-05,0.00,557.05835844,9086.08961425,6586.08961425,2500.00
2021-01-06,0.00,1041.90689536,10127.99650961,7627.99650961,2500.00
2021-01-07,0.00,89.23902962,10217.23553923,7717.23553923,2500.00
2021-01-08,0.00,-134.74076859,10082.49477064,7582.49477064,2500.00
2021-01-09,0.00,581.21373858,10663.70850922,8163.70850922,2500.00
2021-01-10,0.00,-307.99987127,10355.70863794,7855.70863794,2500.00
2021-01-11,0.00,-1747.00177370,8608.70686424,6108.70686424,2500.00
2021-01-12,0.00,-374.29526232,8234.41160191,5734.41160191,2500.00
2021-01-13,0.00,787.83217447,9022.24377638,6522.24377638,2500.00
2021-01-14,0.00,1025.74385892,10047.98763531,7547.98763531,2500.00
2021-01-15,0.00,-682.36210734,9365.62552797,6865.62552797,2500.00
2021-01-16,0.00,587.46101298,9953.08654095,7453.08654095,2500.00
2021-01-17,0.00,9.84562544,9962.93216639,7462.93216639,2500.00
2021-01-18,0.00,262.80538991,10225.73755630,7725.73755630,2500.00
2021-01-19,0.00,976.13867765,11201.87623395,8701.87623395,2500.00
2021-01-20,0.00,80.24954465,11282.12577860,8782.12577860,2500.00
2021-01-21,0.00,-2703.39767135,8578.72810726,6078.72810726,2500.00
2021-01-22,0.00,1230.25477571,9808.98288297,7308.98288297,2500.00
2021-01-23,0.00,3.11056580,9812.09344877,7312.09344877,2500.00
2021-01-24,0.00,1557.19968232,11369.29313109,8869.29313109,2500.00
2021-01-25,0.00,-793.42675469,10575.86637640,8075.86637640,2500.00
2021-01-26,0.00,488.89563710,11064.76201350,8564.76201350,2500.00
2021-01-27,0.00,-1308.66094772,9756.10106578,7256.10106578,2500.00
2021-01-28,0.00,904.08942037,10660.19048615,8160.19048615,2500.00
2021-01-29,0.00,465.36989909,11125.56038524,8625.56038524,2500.00
2021-01-30,0.00,-43.28150653,11082.27887871,8582.27887871,2500.00
2021-01-31,0.00,-715.68770128,10366.59117743,7866.59117743,2500.00
2021-02-01,300.00,616.20244606,11282.79362349,8482.79362349,2800.00
2021-02-02,0.00,1352.76648735,12635.56011083,9835.56011083,2800.00
2021-02-03,0.00,1426.21430369,14061.77441452,11261.77441452,2800.00
2021-02-04,0.00,-771.38978110,13290.38463342,10490.38463342,2800.00
2021-02-05,0.00,1179.26776981,14469.65240323,11669.65240323,2800.00
2021-02-06,0.00,-481.38610336,13988.26629988,11188.26629988,2800.00
2021-02-07,0.00,-722.14280943,13266.12349045,10466.12349045,2800.00
2021-02-08,0.00,1381.38015817,14647.50364862,11847.50364862,2800.00
2021-02-09,0.00,52.97192174,14700.47557036,11900.47557036,2800.00
2021-02-10,0.00,-357.50490459,14342.97066577,11542.97066577,2800.00
2021-02-11,0.00,404.38825652,14747.35892229,11947.35892229,2800.00
2021-02-12,0.00,485.59580836,15232.95473065,12432.95473065,2800.00
2021-02-13,0.00,-341.85949122,14891.09523942,12091.09523942,2800.00
2021-02-14,0.00,-219.72967701,14671.36556241,11871.36556241,2800.00
2021-02-15,0.00,-254.47335392,14416.89220850,11616.89220850,2800.00
2021-02-16,0.00,-29.61510146,14387.27710704,11587.27710704,2800.00
2021-02-17,0.00,578.82410372,14966.10121075,12166.10121075,2800.00
2021-02-18,0.00,818.36358576,15784.46479651,12984.46479651,2800.00
2021-02-19,0.00,97.93444231,15882.39923883,13082.39923883,2800.00
2021-02-20,0.00,-554.14686828,15328.25237055,12528.25237055,2800.00
2021-02-21,0.00,162.77075909,15491.02312963,12691.02312963,2800.00
2021-02-22,0.00,-1597.63794695,13893.38518269,11093.38518269,2800.00
2021-02-23,0.00,-3361.35133583,10532.03384686,7732.03384686,2800.00
2021-02-24,0.00,-1401.03066070,9131.00318615,6331.00318615,2800.00
2021-02-25,0.00,0.00000000,9131.00318615,6331.00318615,2800.00
2021-02-26,0.00,0.00000000,9131.00318615,6331.00318615,2800.00
2021-02-27,0.00,0.00000000,9131.00318615,6331.00318615,2800.00
2021-02-28,0.00,0.00000000,9131.00318615,6331.00318615,2800.00
2021-03-01,300.00,0.00000000,9431.00318615,6331.00318615,3100.00
2021-03-02,0.00,0.00000000,9431.00318615,6331.00318615,3100.00
2021-03-03,0.00,-688.06299884,8742.94018731,5642.94018731,3100.00
2021-03-04,0.00,-693.23246843,8049.70771888,4949.70771888,3100.00
2021-03-05,0.00,0.00000000,8049.70771888,4949.70771888,3100.00
2021-03-06,0.00,-55.59127308,7994.11644580,4894.11644580,3100.00
2021-03-07,0.00,718.98545022,8713.10189603,5613.10189603,3100.00
2021-03-08,0.00,1034.54668184,9747.64857787,6647.64857787,3100.00
2021-03-09,0.00,347.60182866,10095.25040654,6995.25040654,3100.00
2021-03-10,0.00,-791.87542716,9303.37497938,6203.37497938,3100.00
2021-03-11,0.00,282.58225526,9585.95723464,6485.95723464,3100.00
2021-03-12,0.00,-648.41416652,8937.54306812,5837.54306812,3100.00
2021-03-13,0.00,1508.76241326,10446.30548138,7346.30548138,3100.00
2021-03-14,0.00,-793.67178058,9652.63370080,6552.63370080,3100.00
2021-03-15,0.00,-578.33609785,9074.29760295,5974.29760295,3100.00
2021-03-16,0.00,104.72424569,9179.02184864,6079.02184864,3100.00
2021-03-17,0.00,159.11208320,9338.13393184,6238.13393184,3100.00
2021-03-18,0.00,-511.41126678,8826.72266506,5726.72266506,3100.00
2021-03-19,0.00,319.34930309,9146.07196815,6046.07196815,3100.00
2021-03-20,0.00,-75.25403097,9070.81793718,5970.81793718,3100.00
2021-03-21,0.00,-240.42172731,8830.39620987,5730.39620987,3100.00
2021-03-22,0.00,-1038.15679079,7792.23941908,4692.23941908,3100.00
2021-03-23,0.00,96.50096152,7888.74038060,4788.74038060,3100.00
2021-03-24,0.00,0.00000000,7888.74038060,4788.74038060,3100.00
2021-03-25,0.00,0.00000000,7888.74038060,4788.74038060,3100.00
2021-03-26,0.00,0.00000000,7888.74038060,4788.74038060,3100.00
2021-03-27,0.00,-109.22058207,7779.51979853,4679.51979853,3100.00
2021-03-28,0.00,-143.00438226,7636.51541628,4536.51541628,3100.00
2021-03-29,0.00,490.08908136,8126.60449764,5026.60449764,3100.00
2021-03-30,0.00,192.65406928,8319.25856691,5219.25856691,3100.00
2021-03-31,0.00,663.50071950,8982.75928641,5882.75928641,3100.00
2021-04-01,300.00,353.73628451,9636.49557092,6236.49557092,3400.00
2021-04-02,0.00,1426.06459992,11062.56017084,7662.56017084,3400.00
2021-04-03,0.00,-1158.70407090,9903.85609994,6503.85609994,3400.00
2021-04-04,0.00,534.94174504,10438.79784498,7038.79784498,3400.00
2021-04-05,0.00,243.96361966,10682.76146464,7282.76146464,3400.00
2021-04-06,0.00,-16.84070989,10665.92075475,7265.92075475,3400.00
2021-04-07,0.00,-1336.36576272,9329.55499203,5929.55499203,3400.00
2021-04-08,0.00,1010.22802046,10339.78301249,6939.78301249,3400.00
2021-04-09,0.00,-150.06957597,10189.71343652,6789.71343652,3400.00
2021-04-10,0.00,531.96667915,10721.68011567,7321.68011567,3400.00
2021-04-11,0.00,123.74635232,10845.42646799,7445.42646799,3400.00
2021-04-12,0.00,-201.80800106,10643.61846694,7243.61846694,3400.00
2021-04-13,0.00,1374.20075395,12017.81922089,8617.81922089,3400.00
2021-04-14,0.00,1082.84180713,13100.66102802,9700.66102802,3400.00
2021-04-15,0.00,655.84528654,13756.50631457,10356.50631457,3400.00
2021-04-16,0.00,-897.18062045,12859.32569411,9459.32569411,3400.00
2021-04-17,0.00,-994.48637001,11864.83932410,8464.83932410,3400.00
2021-04-18,0.00,-765.02943203,11099.80989207,7699.80989207,3400.00
2021-04-19,0.00,-650.67578026,10449.13411180,7049.13411180,3400.00
2021-04-20,0.00,1460.37179801,11909.50590982,8509.50590982,3400.00
2021-04-21,0.00,247.88796134,12157.39387116,8757.39387116,3400.00
2021-04-22,0.00,342.00740484,12499.40127600,9099.40127600,3400.00
2021-04-23,0.00,-283.76558153,12215.63569447,8815.63569447,3400.00
2021-04-24,0.00,-1354.60991053,10861.02578394,7461.02578394,3400.00
2021-04-25,0.00,917.46145538,11778.48723932,8378.48723932,3400.00
2021-04-26,0.00,1868.48728792,13646.97452724,10246.97452724,3400.00
2021-04-27,0.00,1163.77079504,14810.74532227,11410.74532227,3400.00
2021-04-28,0.00,687.11156457,15497.85688685,12097.85688685,3400.00
2021-04-29,0.00,87.66095114,15585.51783799,12185.51783799,3400.00
2021-04-30,0.00,104.30780535,15689.82564333,12289.82564333,3400.00
2021-05-01,300.00,1512.13516017,17501.96080351,13801.96080351,3700.00
2021-05-02,0.00,16.11344495,17518.07424846,13818.07424846,3700.00
2021-05-03,0.00,4212.81931620,21730.89356466,18030.89356466,3700.00
2021-05-04,0.00,-1715.98471417,20014.90885048,16314.90885048,3700.00
2021-05-05,0.00,2441.22444987,22456.13330035,18756.13330035,3700.00
2021-05-06,0.00,-386.09942897,22070.03387138,18370.03387138,3700.00
2021-05-07,0.00,-141.66104612,21928.37282526,18228.37282526,3700.00
2021-05-08,0.00,3760.24317439,25688.61599964,21988.61599964,3700.00
2021-05-09,0.00,65.80271363,25754.41871327,22054.41871327,3700.00
2021-05-10,0.00,120.62952658,25875.04823986,22175.04823986,3700.00
2021-05-11,0.00,1940.80482666,27815.85306651,24115.85306651,3700.00
2021-05-12,0.00,-3087.62789919,24728.22516733,21028.22516733,3700.00
2021-05-13,0.00,-983.95644895,23744.26871838,20044.26871838,3700.00
2021-05-14,0.00,3155.23661446,26899.50533284,23199.50533284,3700.00
2021-05-15,0.00,-3831.74401834,23067.76131450,19367.76131450,3700.00
2021-05-16,0.00,-613.75113086,22454.01018364,18754.01018364,3700.00
2021-05-17,0.00,-2650.26315639,19803.74702726,16103.74702726,3700.00
2021-05-18,0.00,788.05361706,20591.80064431,16891.80064431,3700.00
2021-05-19,0.00,-3881.48936631,16710.31127800,13010.31127800,3700.00
2021-05-20,0.00,0.00000000,16710.31127800,13010.31127800,3700.00
2021-05-21,0.00,0.00000000,16710.31127800,13010.31127800,3700.00
2021-05-22,0.00,0.00000000,16710.31127800,13010.31127800,3700.00
2021-05-23,0.00,0.00000000,16710.31127800,13010.31127800,3700.00
2021-05-24,0.00,0.00000000,16710.31127800,13010.31127800,3700.00
2021-05-25,0.00,0.00000000,16710.31127800,13010.31127800,3700.00
2021-05-26,0.00,0.00000000,16710.31127800,13010.31127800,3700.00
2021-05-27,0.00,0.00000000,16710.31127800,13010.31127800,3700.00
2021-05-28,0.00,0.00000000,16710.31127800,13010.31127800,3700.00
2021-05-29,0.00,0.00000000,16710.31127800,13010.31127800,3700.00
2021-05-30,0.00,0.00000000,16710.31127800,13010.31127800,3700.00
2021-05-31,0.00,0.00000000,16710.31127800,13010.31127800,3700.00
2021-06-01,300.00,0.00000000,17010.31127800,13010.31127800,4000.00
2021-06-02,0.00,0.00000000,17010.31127800,13010.31127800,4000.00
2021-06-03,0.00,-531.22582876,16479.08544924,12479.08544924,4000.00
2021-06-04,0.00,-1464.87699059,15014.20845865,11014.20845865,4000.00
2021-06-05,0.00,0.00000000,15014.20845865,11014.20845865,4000.00
2021-06-06,0.00,0.00000000,15014.20845865,11014.20845865,4000.00
2021-06-07,0.00,-714.17042557,14300.03803308,10300.03803308,4000.00
2021-06-08,0.00,0.00000000,14300.03803308,10300.03803308,4000.00
2021-06-09,0.00,0.00000000,14300.03803308,10300.03803308,4000.00
2021-06-10,0.00,0.00000000,14300.03803308,10300.03803308,4000.00
2021-06-11,0.00,0.00000000,14300.03803308,10300.03803308,4000.00
2021-06-12,0.00,0.00000000,14300.03803308,10300.03803308,4000.00
2021-06-13,0.00,0.00000000,14300.03803308,10300.03803308,4000.00
2021-06-14,0.00,0.00000000,14300.03803308,10300.03803308,4000.00
2021-06-15,0.00,0.00000000,14300.03803308,10300.03803308,4000.00
2021-06-16,0.00,0.00000000,14300.03803308,10300.03803308,4000.00
2021-06-17,0.00,0.00000000,14300.03803308,10300.03803308,4000.00
2021-06-18,0.00,0.00000000,14300.03803308,10300.03803308,4000.00
2021-06-19,0.00,0.00000000,14300.03803308,10300.03803308,4000.00
2021-06-20,0.00,0.00000000,14300.03803308,10300.03803308,4000.00
2021-06-21,0.00,0.00000000,14300.03803308,10300.03803308,4000.00
2021-06-22,0.00,0.00000000,14300.03803308,10300.03803308,4000.00
2021-06-23,0.00,0.00000000,14300.03803308,10300.03803308,4000.00
2021-06-24,0.00,0.00000000,14300.03803308,10300.03803308,4000.00
2021-06-25,0.00,0.00000000,14300.03803308,10300.03803308,4000.00
2021-06-26,0.00,0.00000000,14300.03803308,10300.03803308,4000.00
2021-06-27,0.00,0.00000000,14300.03803308,10300.03803308,4000.00
2021-06-28,0.00,0.00000000,14300.03803308,10300.03803308,4000.00
2021-06-29,0.00,0.00000000,14300.03803308,10300.03803308,4000.00
2021-06-30,0.00,0.00000000,14300.03803308,10300.03803308,4000.00
2021-07-01,300.00,0.00000000,14600.03803308,10300.03803308,4300.00
2021-07-02,0.00,0.00000000,14600.03803308,10300.03803308,4300.00
2021-07-03,0.00,0.00000000,14600.03803308,10300.03803308,4300.00
2021-07-04,0.00,-112.60438374,14487.43364934,10187.43364934,4300.00
2021-07-05,0.00,-1251.67702032,13235.75662902,8935.75662902,4300.00
2021-07-06,0.00,25.27946900,13261.03609802,8961.03609802,4300.00
2021-07-07,0.00,-91.61608635,13169.42001166,8869.42001166,4300.00
2021-07-08,0.00,-1564.44668709,11604.97332458,7304.97332458,4300.00
2021-07-09,0.00,0.00000000,11604.97332458,7304.97332458,4300.00
2021-07-10,0.00,0.00000000,11604.97332458,7304.97332458,4300.00
2021-07-11,0.00,0.00000000,11604.97332458,7304.97332458,4300.00
2021-07-12,0.00,0.00000000,11604.97332458,7304.97332458,4300.00
2021-07-13,0.00,0.00000000,11604.97332458,7304.97332458,4300.00
2021-07-14,0.00,0.00000000,11604.97332458,7304.97332458,4300.00
2021-07-15,0.00,0.00000000,11604.97332458,7304.97332458,4300.00
2021-07-16,0.00,0.00000000,11604.97332458,7304.97332458,4300.00
2021-07-17,0.00,0.00000000,11604.97332458,7304.97332458,4300.00
2021-07-18,0.00,0.00000000,11604.97332458,7304.97332458,4300.00
2021-07-19,0.00,0.00000000,11604.97332458,7304.97332458,4300.00
2021-07-20,0.00,0.00000000,11604.97332458,7304.97332458,4300.00
2021-07-21,0.00,0.00000000,11604.97332458,7304.97332458,4300.00
2021-07-22,0.00,0.00000000,11604.97332458,7304.97332458,4300.00
2021-07-23,0.00,0.00000000,11604.97332458,7304.97332458,4300.00
2021-07-24,0.00,670.48662573,12275.45995031,7975.45995031,4300.00
2021-07-25,0.00,47.50702147,12322.96697178,8022.96697178,4300.00
2021-07-26,0.00,427.45983606,12750.42680784,8450.42680784,4300.00
2021-07-27,0.00,774.44935137,13524.87615921,9224.87615921,4300.00
2021-07-28,0.00,16.07328491,13540.94944412,9240.94944412,4300.00
2021-07-29,0.00,905.26799298,14446.21743710,10146.21743710,4300.00
2021-07-30,0.00,869.62424094,15315.84167804,11015.84167804,4300.00
2021-07-31,0.00,753.13501839,16068.97669643,11768.97669643,4300.00
2021-08-01,300.00,259.58898711,16628.56568354,12028.56568354,4600.00
2021-08-02,0.00,571.20658677,17199.77227031,12599.77227031,4600.00
2021-08-03,0.00,-1115.28926835,16084.48300195,11484.48300195,4600.00
2021-08-04,0.00,2409.10196225,18493.58496421,13893.58496421,4600.00
2021-08-05,0.00,1117.88869554,19611.47365975,15011.47365975,4600.00
2021-08-06,0.00,715.74798636,20327.22164611,15727.22164611,4600.00
2021-08-07,0.00,2986.83733194,23314.05897805,18714.05897805,4600.00
2021-08-08,0.00,-1663.24842019,21650.81055785,17050.81055785,4600.00
2021-08-09,0.00,1638.36885935,23289.17941720,18689.17941720,4600.00
2021-08-10,0.00,-238.26563292,23050.91378428,18450.91378428,4600.00
2021-08-11,0.00,166.35123201,23217.26501629,18617.26501629,4600.00
2021-08-12,0.00,-1285.08349371,21932.18152257,17332.18152257,4600.00
2021-08-13,0.00,3048.63099549,24980.81251806,20380.81251806,4600.00
2021-08-14,0.00,-671.52510564,24309.28741242,19709.28741242,4600.00
2021-08-15,0.00,486.81915727,24796.10656969,20196.10656969,4600.00
2021-08-16,0.00,-1848.51757499,22947.58899470,18347.58899470,4600.00
2021-08-17,0.00,-1473.84358245,21473.74541225,16873.74541225,4600.00
2021-08-18,0.00,-14.45433147,21459.29108078,16859.29108078,4600.00
2021-08-19,0.00,1900.07788095,23359.36896173,18759.36896173,4600.00
2021-08-20,0.00,1078.07535092,24437.44431264,19837.44431264,4600.00
2021-08-21,0.00,-687.24189399,23750.20241866,19150.20241866,4600.00
2021-08-22,0.00,146.70968442,23896.91210308,19296.91210308,4600.00
2021-08-23,0.00,846.28560530,24743.19770838,20143.19770838,4600.00
2021-08-24,0.00,-1692.93525337,23050.26245501,18450.26245501,4600.00
2021-08-25,0.00,580.50090587,23630.76336088,19030.76336088,4600.00
2021-08-26,0.00,-1495.27005453,22135.49330635,17535.49330635,4600.00
2021-08-27,0.00,1983.67598592,24119.16929227,19519.16929227,4600.00
2021-08-28,0.00,-307.45221388,23811.71707839,19211.71707839,4600.00
2021-08-29,0.00,-254.65784444,23557.05923395,18957.05923395,4600.00
2021-08-30,0.00,44.25029919,23601.30953314,19001.30953314,4600.00
2021-08-31,0.00,2199.59140176,25800.90093490,21200.90093490,4600.00
2021-09-01,300.00,4426.86019959,30527.76113449,25627.76113449,4900.00
2021-09-02,0.00,-526.31841521,30001.44271928,25101.44271928,4900.00
2021-09-03,0.00,1646.90103350,31648.34375278,26748.34375278,4900.00
2021-09-04,0.00,-685.00448556,30963.33926721,26063.33926721,4900.00
2021-09-05,0.00,605.46276071,31568.80202792,26668.80202792,4900.00
2021-09-06,0.00,-335.63483117,31233.16719675,26333.16719675,4900.00
2021-09-07,0.00,-5526.29454164,25706.87265512,20806.87265512,4900.00
2021-09-08,0.00,686.10006882,26392.97272394,21492.97272394,4900.00
2021-09-09,0.00,-803.92894956,25589.04377438,20689.04377438,4900.00
2021-09-10,0.00,-1296.64747330,24292.39630108,19392.39630108,4900.00
2021-09-11,0.00,0.00000000,24292.39630108,19392.39630108,4900.00
2021-09-12,0.00,-359.09377281,23933.30252827,19033.30252827,4900.00
2021-09-13,0.00,-1847.21510311,22086.08742516,17186.08742516,4900.00
2021-09-14,0.00,816.94393056,22903.03135571,18003.03135571,4900.00
2021-09-15,0.00,2363.81160210,25266.84295781,20366.84295781,4900.00
2021-09-16,0.00,-601.29893928,24665.54401853,19765.54401853,4900.00
2021-09-17,0.00,-2261.15651424,22404.38750429,17504.38750429,4900.00
2021-09-18,0.00,441.84722712,22846.23473141,17946.23473141,4900.00
2021-09-19,0.00,-1254.58814522,21591.64658619,16691.64658619,4900.00
2021-09-20,0.00,0.00000000,21591.64658619,16691.64658619,4900.00
2021-09-21,0.00,0.00000000,21591.64658619,16691.64658619,4900.00
2021-09-22,0.00,0.00000000,21591.64658619,16691.64658619,4900.00
2021-09-23,0.00,0.00000000,21591.64658619,16691.64658619,4900.00
2021-09-24,0.00,0.00000000,21591.64658619,16691.64658619,4900.00
2021-09-25,0.00,0.00000000,21591.64658619,16691.64658619,4900.00
2021-09-26,0.00,0.00000000,21591.64658619,16691.64658619,4900.00
2021-09-27,0.00,0.00000000,21591.64658619,16691.64658619,4900.00
2021-09-28,0.00,0.00000000,21591.64658619,16691.64658619,4900.00
2021-09-29,0.00,0.00000000,21591.64658619,16691.64658619,4900.00
2021-09-30,0.00,0.00000000,21591.64658619,16691.64658619,4900.00
2021-10-01,300.00,423.18004920,22314.82663539,17114.82663539,5200.00
2021-10-02,0.00,1050.91029153,23365.73692692,18165.73692692,5200.00
2021-10-03,0.00,405.65108859,23771.38801551,18571.38801551,5200.00
2021-10-04,0.00,-448.41062409,23322.97739142,18122.97739142,5200.00
2021-10-05,0.00,1765.67130498,25088.64869640,19888.64869640,5200.00
2021-10-06,0.00,784.66363951,25873.31233591,20673.31233591,5200.00
2021-10-07,0.00,138.85211119,26012.16444710,20812.16444710,5200.00
2021-10-08,0.00,-379.32076110,25632.84368600,20432.84368600,5200.00
2021-10-09,0.00,174.70727505,25807.55096105,20607.55096105,5200.00
2021-10-10,0.00,-2217.05602602,23590.49493503,18390.49493503,5200.00
2021-10-11,0.00,1707.50448841,25297.99942344,20097.99942344,5200.00
2021-10-12,0.00,-693.32023893,24604.67918451,19404.67918451,5200.00
2021-10-13,0.00,1570.82011944,26175.49930395,20975.49930395,5200.00
2021-10-14,0.00,2451.65067945,28627.14998341,23427.14998341,5200.00
2021-10-15,0.00,1009.13751462,29636.28749802,24436.28749802,5200.00
2021-10-16,0.00,-590.03405934,29046.25343869,23846.25343869,5200.00
2021-10-17,0.00,175.10796119,29221.36139988,24021.36139988,5200.00
2021-10-18,0.00,-1431.90584611,27789.45555377,22589.45555377,5200.00
2021-10-19,0.00,1754.30907788,29543.76463164,24343.76463164,5200.00
2021-10-20,0.00,3756.65097823,33300.41560987,28100.41560987,5200.00
2021-10-21,0.00,-1548.18598649,31752.22962338,26552.22962338,5200.00
2021-10-22,0.00,-1161.32875568,30590.90086770,25390.90086770,5200.00
2021-10-23,0.00,2602.83997668,33193.74084438,27993.74084438,5200.00
2021-10-24,0.00,-1219.80991760,31973.93092678,26773.93092678,5200.00
2021-10-25,0.00,1822.61430844,33796.54523523,28596.54523523,5200.00
2021-10-26,0.00,-1296.10169025,32500.44354498,27300.44354498,5200.00
2021-10-27,0.00,-2896.23528938,29604.20825560,24404.20825560,5200.00
2021-10-28,0.00,4922.29573061,34526.50398621,29326.50398621,5200.00
2021-10-29,0.00,1732.58947859,36259.09346480,31059.09346480,5200.00
2021-10-30,0.00,-1357.83367111,34901.25979369,29701.25979369,5200.00
2021-10-31,0.00,-512.81614523,34388.44364846,29188.44364846,5200.00
2021-11-01,300.00,420.38957570,35108.83322416,29608.83322416,5500.00
2021-11-02,0.00,3598.31100038,38707.14422453,33207.14422453,5500.00
2021-11-03,0.00,122.16963493,38829.31385946,33329.31385946,5500.00
2021-11-04,0.00,-1029.73980209,37799.57405737,32299.57405737,5500.00
2021-11-05,0.00,-828.52701392,36971.04704345,31471.04704345,5500.00
2021-11-06,0.00,540.35527367,37511.40231712,32011.40231712,5500.00
2021-11-07,0.00,1241.03112630,38752.43344342,33252.43344342,5500.00
2021-11-08,0.00,2629.90993128,41382.34337470,35882.34337470,5500.00
2021-11-09,0.00,-1092.67158363,40289.67179107,34789.67179107,5500.00
2021-11-10,0.00,-1435.33856870,38854.33322237,33354.33322237,5500.00
2021-11-11,0.00,1176.71290132,40031.04612369,34531.04612369,5500.00
2021-11-12,0.00,-765.80977110,39265.23635259,33765.23635259,5500.00
2021-11-13,0.00,-310.77529197,38954.46106062,33454.46106062,5500.00
2021-11-14,0.00,-221.38952286,38733.07153776,33233.07153776,5500.00
2021-11-15,0.00,-880.92374140,37852.14779636,32352.14779636,5500.00
2021-11-16,0.00,-4647.14474767,33205.00304869,27705.00304869,5500.00
2021-11-17,0.00,0.00000000,33205.00304869,27705.00304869,5500.00
2021-11-18,0.00,0.00000000,33205.00304869,27705.00304869,5500.00
2021-11-19,0.00,0.00000000,33205.00304869,27705.00304869,5500.00
2021-11-20,0.00,35.29695285,33240.30000153,27740.30000153,5500.00
2021-11-21,0.00,-2358.15315850,30882.14684303,25382.14684303,5500.00
2021-11-22,0.00,-756.16546564,30125.98137739,24625.98137739,5500.00
2021-11-23,0.00,0.00000000,30125.98137739,24625.98137739,5500.00
2021-11-24,0.00,-1364.88558660,28761.09579078,23261.09579078,5500.00
2021-11-25,0.00,2055.90815368,30817.00394446,25317.00394446,5500.00
2021-11-26,0.00,-6414.06736344,24402.93658101,18902.93658101,5500.00
2021-11-27,0.00,0.00000000,24402.93658101,18902.93658101,5500.00
2021-11-28,0.00,0.00000000,24402.93658101,18902.93658101,5500.00
2021-11-29,0.00,999.26241389,25402.19899491,19902.19899491,5500.00
2021-11-30,0.00,2093.78488021,27495.98387512,21995.98387512,5500.00
2021-12-01,300.00,-527.90306357,27268.08081155,21468.08081155,5800.00
2021-12-02,0.00,-835.86500424,26432.21580731,20632.21580731,5800.00
2021-12-03,0.00,-3652.13948010,22780.07632721,16980.07632721,5800.00
2021-12-04,0.00,0.00000000,22780.07632721,16980.07632721,5800.00
2021-12-05,0.00,0.00000000,22780.07632721,16980.07632721,5800.00
2021-12-06,0.00,0.00000000,22780.07632721,16980.07632721,5800.00
2021-12-07,0.00,-611.03137329,22169.04495392,16369.04495392,5800.00
2021-12-08,0.00,1355.10175682,23524.14671074,17724.14671074,5800.00
2021-12-09,0.00,-2543.77737442,20980.36933632,15180.36933632,5800.00
2021-12-10,0.00,0.00000000,20980.36933632,15180.36933632,5800.00
2021-12-11,0.00,0.00000000,20980.36933632,15180.36933632,5800.00
2021-12-12,0.00,0.00000000,20980.36933632,15180.36933632,5800.00
2021-12-13,0.00,0.00000000,20980.36933632,15180.36933632,5800.00
2021-12-14,0.00,0.00000000,20980.36933632,15180.36933632,5800.00
2021-12-15,0.00,0.00000000,20980.36933632,15180.36933632,5800.00
2021-12-16,0.00,0.00000000,20980.36933632,15180.36933632,5800.00
2021-12-17,0.00,0.00000000,20980.36933632,15180.36933632,5800.00
2021-12-18,0.00,0.00000000,20980.36933632,15180.36933632,5800.00
2021-12-19,0.00,0.00000000,20980.36933632,15180.36933632,5800.00
2021-12-20,0.00,0.00000000,20980.36933632,15180.36933632,5800.00
2021-12-21,0.00,0.00000000,20980.36933632,15180.36933632,5800.00
2021-12-22,0.00,0.00000000,20980.36933632,15180.36933632,5800.00
2021-12-23,0.00,0.00000000,20980.36933632,15180.36933632,5800.00
2021-12-24,0.00,-488.88349953,20491.48583679,14691.48583679,5800.00
2021-12-25,0.00,0.00000000,20491.48583679,14691.48583679,5800.00
2021-12-26,0.00,0.00000000,20491.48583679,14691.48583679,5800.00
2021-12-27,0.00,0.00000000,20491.48583679,14691.48583679,5800.00
2021-12-28,0.00,0.00000000,20491.48583679,14691.48583679,5800.00
2021-12-29,0.00,0.00000000,20491.48583679,14691.48583679,5800.00
2021-12-30,0.00,0.00000000,20491.48583679,14691.48583679,5800.00
2021-12-31,0.00,0.00000000,20491.48583679,14691.48583679,5800.00
2022-01-01,300.00,0.00000000,20791.48583679,14691.48583679,6100.00
2022-01-02,0.00,0.00000000,20791.48583679,14691.48583679,6100.00
2022-01-03,0.00,0.00000000,20791.48583679,14691.48583679,6100.00
2022-01-04,0.00,0.00000000,20791.48583679,14691.48583679,6100.00
2022-01-05,0.00,0.00000000,20791.48583679,14691.48583679,6100.00
2022-01-06,0.00,0.00000000,20791.48583679,14691.48583679,6100.00
2022-01-07,0.00,0.00000000,20791.48583679,14691.48583679,6100.00
2022-01-08,0.00,0.00000000,20791.48583679,14691.48583679,6100.00
2022-01-09,0.00,0.00000000,20791.48583679,14691.48583679,6100.00
2022-01-10,0.00,0.00000000,20791.48583679,14691.48583679,6100.00
2022-01-11,0.00,0.00000000,20791.48583679,14691.48583679,6100.00
2022-01-12,0.00,0.00000000,20791.48583679,14691.48583679,6100.00
2022-01-13,0.00,0.00000000,20791.48583679,14691.48583679,6100.00
2022-01-14,0.00,0.00000000,20791.48583679,14691.48583679,6100.00
2022-01-15,0.00,0.00000000,20791.48583679,14691.48583679,6100.00
2022-01-16,0.00,0.00000000,20791.48583679,14691.48583679,6100.00
2022-01-17,0.00,0.00000000,20791.48583679,14691.48583679,6100.00
2022-01-18,0.00,0.00000000,20791.48583679,14691.48583679,6100.00
2022-01-19,0.00,0.00000000,20791.48583679,14691.48583679,6100.00
2022-01-20,0.00,0.00000000,20791.48583679,14691.48583679,6100.00
2022-01-21,0.00,0.00000000,20791.48583679,14691.48583679,6100.00
2022-01-22,0.00,0.00000000,20791.48583679,14691.48583679,6100.00
2022-01-23,0.00,0.00000000,20791.48583679,14691.48583679,6100.00
2022-01-24,0.00,0.00000000,20791.48583679,14691.48583679,6100.00
2022-01-25,0.00,0.00000000,20791.48583679,14691.48583679,6100.00
2022-01-26,0.00,0.00000000,20791.48583679,14691.48583679,6100.00
2022-01-27,0.00,0.00000000,20791.48583679,14691.48583679,6100.00
2022-01-28,0.00,0.00000000,20791.48583679,14691.48583679,6100.00
2022-01-29,0.00,0.00000000,20791.48583679,14691.48583679,6100.00
2022-01-30,0.00,0.00000000,20791.48583679,14691.48583679,6100.00
2022-01-31,0.00,0.00000000,20791.48583679,14691.48583679,6100.00
2022-02-01,300.00,0.00000000,21091.48583679,14691.48583679,6400.00
2022-02-02,0.00,0.00000000,21091.48583679,14691.48583679,6400.00
2022-02-03,0.00,0.00000000,21091.48583679,14691.48583679,6400.00
2022-02-04,0.00,0.00000000,21091.48583679,14691.48583679,6400.00
2022-02-05,0.00,405.78194678,21497.26778357,15097.26778357,6400.00
2022-02-06,0.00,598.13036160,22095.39814517,15695.39814517,6400.00
2022-02-07,0.00,1203.09145228,23298.48959745,16898.48959745,6400.00
2022-02-08,0.00,-342.57190901,22955.91768845,16555.91768845,6400.00
2022-02-09,0.00,1805.14239595,24761.06008439,18361.06008439,6400.00
2022-02-10,0.00,-2445.67405225,22315.38603214,15915.38603214,6400.00
2022-02-11,0.00,-2071.72439893,20243.66163321,13843.66163321,6400.00
2022-02-12,0.00,17.28391005,20260.94554326,13860.94554326,6400.00
2022-02-13,0.00,0.00000000,20260.94554326,13860.94554326,6400.00
2022-02-14,0.00,0.00000000,20260.94554326,13860.94554326,6400.00
2022-02-15,0.00,2293.69785885,22554.64340212,16154.64340212,6400.00
2022-02-16,0.00,-855.65691642,21698.98648570,15298.98648570,6400.00
2022-02-17,0.00,-2934.86790431,18764.11858139,12364.11858139,6400.00
2022-02-18,0.00,0.00000000,18764.11858139,12364.11858139,6400.00
2022-02-19,0.00,0.00000000,18764.11858139,12364.11858139,6400.00
2022-02-20,0.00,0.00000000,18764.11858139,12364.11858139,6400.00
2022-02-21,0.00,0.00000000,18764.11858139,12364.11858139,6400.00
2022-02-22,0.00,0.00000000,18764.11858139,12364.11858139,6400.00
2022-02-23,0.00,0.00000000,18764.11858139,12364.11858139,6400.00
2022-02-24,0.00,0.00000000,18764.11858139,12364.11858139,6400.00
2022-02-25,0.00,0.00000000,18764.11858139,12364.11858139,6400.00
2022-02-26,0.00,0.00000000,18764.11858139,12364.11858139,6400.00
2022-02-27,0.00,0.00000000,18764.11858139,12364.11858139,6400.00
2022-02-28,0.00,0.00000000,18764.11858139,12364.11858139,6400.00
2022-03-01,300.00,737.18288013,19801.30146151,13101.30146151,6700.00
2022-03-02,0.00,-384.06179322,19417.23966829,12717.23966829,6700.00
2022-03-03,0.00,-1933.84035327,17483.39931503,10783.39931503,6700.00
2022-03-04,0.00,0.00000000,17483.39931503,10783.39931503,6700.00
2022-03-05,0.00,0.00000000,17483.39931503,10783.39931503,6700.00
2022-03-06,0.00,0.00000000,17483.39931503,10783.39931503,6700.00
2022-03-07,0.00,0.00000000,17483.39931503,10783.39931503,6700.00
2022-03-08,0.00,0.00000000,17483.39931503,10783.39931503,6700.00
2022-03-09,0.00,0.00000000,17483.39931503,10783.39931503,6700.00
2022-03-10,0.00,0.00000000,17483.39931503,10783.39931503,6700.00
2022-03-11,0.00,0.00000000,17483.39931503,10783.39931503,6700.00
2022-03-12,0.00,0.00000000,17483.39931503,10783.39931503,6700.00
2022-03-13,0.00,0.00000000,17483.39931503,10783.39931503,6700.00
2022-03-14,0.00,0.00000000,17483.39931503,10783.39931503,6700.00
2022-03-15,0.00,0.00000000,17483.39931503,10783.39931503,6700.00
2022-03-16,0.00,67.96417280,17551.36348783,10851.36348783,6700.00
2022-03-17,0.00,474.85527646,18026.21876429,11326.21876429,6700.00
2022-03-18,0.00,1620.44402263,19646.66278691,12946.66278691,6700.00
2022-03-19,0.00,141.93171715,19788.59450406,13088.59450406,6700.00
2022-03-20,0.00,-1156.25350028,18632.34100378,11932.34100378,6700.00
2022-03-21,0.00,354.79000839,18987.13101217,12287.13101217,6700.00
2022-03-22,0.00,1004.29123842,19991.42225059,13291.42225059,6700.00
2022-03-23,0.00,852.08287392,20843.50512451,14143.50512451,6700.00
2022-03-24,0.00,943.64443933,21787.14956384,15087.14956384,6700.00
2022-03-25,0.00,-120.93989943,21666.20966441,14966.20966441,6700.00
2022-03-26,0.00,528.51377477,22194.72343918,15494.72343918,6700.00
2022-03-27,0.00,1935.54973233,24130.27317151,17430.27317151,6700.00
2022-03-28,0.00,481.07028279,24611.34345430,17911.34345430,6700.00
2022-03-29,0.00,824.01844097,25435.36189527,18735.36189527,6700.00
2022-03-30,0.00,-190.81097877,25244.55091650,18544.55091650,6700.00
2022-03-31,0.00,-1338.90293704,23905.64797946,17205.64797946,6700.00
2022-04-01,300.00,2198.61302260,26404.26100206,19404.26100206,7000.00
2022-04-02,0.00,-157.31377692,26246.94722514,19246.94722514,7000.00
2022-04-03,0.00,980.31456724,27227.26179238,20227.26179238,7000.00
2022-04-04,0.00,-33.20017141,27194.06162097,20194.06162097,7000.00
2022-04-05,0.00,-1469.56635390,25724.49526707,18724.49526707,7000.00
2022-04-06,0.00,-3047.79196568,22676.70330138,15676.70330138,7000.00
2022-04-07,0.00,745.18954664,23421.89284802,16421.89284802,7000.00
2022-04-08,0.00,-432.18812686,22989.70472116,15989.70472116,7000.00
2022-04-09,0.00,835.30404129,23825.00876245,16825.00876245,7000.00
2022-04-10,0.00,-743.54010408,23081.46865837,16081.46865837,7000.00
2022-04-11,0.00,-1964.43594109,21117.03271727,14117.03271727,7000.00
2022-04-12,0.00,0.00000000,21117.03271727,14117.03271727,7000.00
2022-04-13,0.00,0.00000000,21117.03271727,14117.03271727,7000.00
2022-04-14,0.00,0.00000000,21117.03271727,14117.03271727,7000.00
2022-04-15,0.00,0.00000000,21117.03271727,14117.03271727,7000.00
2022-04-16,0.00,0.00000000,21117.03271727,14117.03271727,7000.00
2022-04-17,0.00,0.00000000,21117.03271727,14117.03271727,7000.00
2022-04-18,0.00,0.00000000,21117.03271727,14117.03271727,7000.00
2022-04-19,0.00,0.00000000,21117.03271727,14117.03271727,7000.00
2022-04-20,0.00,-1020.51134890,20096.52136837,13096.52136837,7000.00
2022-04-21,0.00,-1246.57881307,18849.94255530,11849.94255530,7000.00
2022-04-22,0.00,0.00000000,18849.94255530,11849.94255530,7000.00
2022-04-23,0.00,0.00000000,18849.94255530,11849.94255530,7000.00
2022-04-24,0.00,0.00000000,18849.94255530,11849.94255530,7000.00
2022-04-25,0.00,0.00000000,18849.94255530,11849.94255530,7000.00
2022-04-26,0.00,0.00000000,18849.94255530,11849.94255530,7000.00
2022-04-27,0.00,0.00000000,18849.94255530,11849.94255530,7000.00
2022-04-28,0.00,0.00000000,18849.94255530,11849.94255530,7000.00
2022-04-29,0.00,0.00000000,18849.94255530,11849.94255530,7000.00
2022-04-30,0.00,0.00000000,18849.94255530,11849.94255530,7000.00
2022-05-01,300.00,0.00000000,19149.94255530,11849.94255530,7300.00
2022-05-02,0.00,0.00000000,19149.94255530,11849.94255530,7300.00
2022-05-03,0.00,0.00000000,19149.94255530,11849.94255530,7300.00
2022-05-04,0.00,0.00000000,19149.94255530,11849.94255530,7300.00
2022-05-05,0.00,0.00000000,19149.94255530,11849.94255530,7300.00
2022-05-06,0.00,0.00000000,19149.94255530,11849.94255530,7300.00
2022-05-07,0.00,0.00000000,19149.94255530,11849.94255530,7300.00
2022-05-08,0.00,0.00000000,19149.94255530,11849.94255530,7300.00
2022-05-09,0.00,0.00000000,19149.94255530,11849.94255530,7300.00
2022-05-10,0.00,0.00000000,19149.94255530,11849.94255530,7300.00
2022-05-11,0.00,0.00000000,19149.94255530,11849.94255530,7300.00
2022-05-12,0.00,0.00000000,19149.94255530,11849.94255530,7300.00
2022-05-13,0.00,0.00000000,19149.94255530,11849.94255530,7300.00
2022-05-14,0.00,0.00000000,19149.94255530,11849.94255530,7300.00
2022-05-15,0.00,0.00000000,19149.94255530,11849.94255530,7300.00
2022-05-16,0.00,0.00000000,19149.94255530,11849.94255530,7300.00
2022-05-17,0.00,0.00000000,19149.94255530,11849.94255530,7300.00
2022-05-18,0.00,0.00000000,19149.94255530,11849.94255530,7300.00
2022-05-19,0.00,0.00000000,19149.94255530,11849.94255530,7300.00
2022-05-20,0.00,0.00000000,19149.94255530,11849.94255530,7300.00
2022-05-21,0.00,0.00000000,19149.94255530,11849.94255530,7300.00
2022-05-22,0.00,0.00000000,19149.94255530,11849.94255530,7300.00
2022-05-23,0.00,0.00000000,19149.94255530,11849.94255530,7300.00
2022-05-24,0.00,0.00000000,19149.94255530,11849.94255530,7300.00
2022-05-25,0.00,0.00000000,19149.94255530,11849.94255530,7300.00
2022-05-26,0.00,0.00000000,19149.94255530,11849.94255530,7300.00
2022-05-27,0.00,0.00000000,19149.94255530,11849.94255530,7300.00
2022-05-28,0.00,0.00000000,19149.94255530,11849.94255530,7300.00
2022-05-29,0.00,0.00000000,19149.94255530,11849.94255530,7300.00
2022-05-30,0.00,0.00000000,19149.94255530,11849.94255530,7300.00
2022-05-31,0.00,0.00000000,19149.94255530,11849.94255530,7300.00
2022-06-01,300.00,0.00000000,19449.94255530,11849.94255530,7600.00
2022-06-02,0.00,0.00000000,19449.94255530,11849.94255530,7600.00
2022-06-03,0.00,0.00000000,19449.94255530,11849.94255530,7600.00
2022-06-04,0.00,0.00000000,19449.94255530,11849.94255530,7600.00
2022-06-05,0.00,0.00000000,19449.94255530,11849.94255530,7600.00
2022-06-06,0.00,0.00000000,19449.94255530,11849.94255530,7600.00
2022-06-07,0.00,0.00000000,19449.94255530,11849.94255530,7600.00
2022-06-08,0.00,0.00000000,19449.94255530,11849.94255530,7600.00
2022-06-09,0.00,0.00000000,19449.94255530,11849.94255530,7600.00
2022-06-10,0.00,0.00000000,19449.94255530,11849.94255530,7600.00
2022-06-11,0.00,0.00000000,19449.94255530,11849.94255530,7600.00
2022-06-12,0.00,0.00000000,19449.94255530,11849.94255530,7600.00
2022-06-13,0.00,0.00000000,19449.94255530,11849.94255530,7600.00
2022-06-14,0.00,0.00000000,19449.94255530,11849.94255530,7600.00
2022-06-15,0.00,0.00000000,19449.94255530,11849.94255530,7600.00
2022-06-16,0.00,0.00000000,19449.94255530,11849.94255530,7600.00
2022-06-17,0.00,0.00000000,19449.94255530,11849.94255530,7600.00
2022-06-18,0.00,0.00000000,19449.94255530,11849.94255530,7600.00
2022-06-19,0.00,0.00000000,19449.94255530,11849.94255530,7600.00
2022-06-20,0.00,0.00000000,19449.94255530,11849.94255530,7600.00
2022-06-21,0.00,0.00000000,19449.94255530,11849.94255530,7600.00
2022-06-22,0.00,0.00000000,19449.94255530,11849.94255530,7600.00
2022-06-23,0.00,0.00000000,19449.94255530,11849.94255530,7600.00
2022-06-24,0.00,0.00000000,19449.94255530,11849.94255530,7600.00
2022-06-25,0.00,0.00000000,19449.94255530,11849.94255530,7600.00
2022-06-26,0.00,0.00000000,19449.94255530,11849.94255530,7600.00
2022-06-27,0.00,0.00000000,19449.94255530,11849.94255530,7600.00
2022-06-28,0.00,0.00000000,19449.94255530,11849.94255530,7600.00
2022-06-29,0.00,0.00000000,19449.94255530,11849.94255530,7600.00
2022-06-30,0.00,0.00000000,19449.94255530,11849.94255530,7600.00
2022-07-01,300.00,0.00000000,19749.94255530,11849.94255530,7900.00
2022-07-02,0.00,0.00000000,19749.94255530,11849.94255530,7900.00
2022-07-03,0.00,0.00000000,19749.94255530,11849.94255530,7900.00
2022-07-04,0.00,0.00000000,19749.94255530,11849.94255530,7900.00
2022-07-05,0.00,0.00000000,19749.94255530,11849.94255530,7900.00
2022-07-06,0.00,0.00000000,19749.94255530,11849.94255530,7900.00
2022-07-07,0.00,0.00000000,19749.94255530,11849.94255530,7900.00
2022-07-08,0.00,0.00000000,19749.94255530,11849.94255530,7900.00
2022-07-09,0.00,0.00000000,19749.94255530,11849.94255530,7900.00
2022-07-10,0.00,0.00000000,19749.94255530,11849.94255530,7900.00
2022-07-11,0.00,0.00000000,19749.94255530,11849.94255530,7900.00
2022-07-12,0.00,0.00000000,19749.94255530,11849.94255530,7900.00
2022-07-13,0.00,0.00000000,19749.94255530,11849.94255530,7900.00
2022-07-14,0.00,0.00000000,19749.94255530,11849.94255530,7900.00
2022-07-15,0.00,-853.08410195,18896.85845335,10996.85845335,7900.00
2022-07-16,0.00,-438.28875592,18458.56969742,10558.56969742,7900.00
2022-07-17,0.00,-476.84374804,17981.72594939,10081.72594939,7900.00
2022-07-18,0.00,6692.45556591,24674.18151530,16774.18151530,7900.00
2022-07-19,0.00,-1082.40851827,23591.77299704,15691.77299704,7900.00
2022-07-20,0.00,-556.80180688,23034.97119015,15134.97119015,7900.00
2022-07-21,0.00,1483.59565712,24518.56684727,16618.56684727,7900.00
2022-07-22,0.00,-1143.85711939,23374.70972788,15474.70972788,7900.00
2022-07-23,0.00,363.73297574,23738.44270362,15838.44270362,7900.00
2022-07-24,0.00,1364.16556384,25102.60826746,17202.60826746,7900.00
2022-07-25,0.00,-4363.08548519,20739.52278227,12839.52278227,7900.00
2022-07-26,0.00,208.59869772,20948.12147999,13048.12147999,7900.00
2022-07-27,0.00,5176.15165710,26124.27313709,18224.27313709,7900.00
2022-07-28,0.00,2432.29001232,28556.56314941,20656.56314941,7900.00
2022-07-29,0.00,-68.81438992,28487.74875949,20587.74875949,7900.00
2022-07-30,0.00,-708.64574664,27779.10301285,19879.10301285,7900.00
2022-07-31,0.00,-536.70052157,27242.40249128,19342.40249128,7900.00
2022-08-01,300.00,-1345.77715288,26196.62533840,17996.62533840,8200.00
2022-08-02,0.00,8.45240330,26205.07774170,18005.07774170,8200.00
2022-08-03,0.00,-350.64560083,25854.43214087,17654.43214087,8200.00
2022-08-04,0.00,-288.68263006,25565.74951080,17365.74951080,8200.00
2022-08-05,0.00,3583.83623089,29149.58574169,20949.58574169,8200.00
2022-08-06,0.00,-1323.02959616,27826.55614553,19626.55614553,8200.00
2022-08-07,0.00,255.26046058,28081.81660612,19881.81660612,8200.00
2022-08-08,0.00,2121.29984302,30203.11644914,22003.11644914,8200.00
2022-08-09,0.00,-2045.80442420,28157.31202494,19957.31202494,8200.00
2022-08-10,0.00,4186.52977446,32343.84179940,24143.84179940,8200.00
2022-08-11,0.00,714.37984929,33058.22164868,24858.22164868,8200.00
2022-08-12,0.00,2151.98729878,35210.20894746,27010.20894746,8200.00
2022-08-13,0.00,695.17382987,35905.38277732,27705.38277732,8200.00
2022-08-14,0.00,-1342.03172443,34563.35105290,26363.35105290,8200.00
2022-08-15,0.00,-992.10837368,33571.24267922,25371.24267922,8200.00
2022-08-16,0.00,-630.64674692,32940.59593230,24740.59593230,8200.00
2022-08-17,0.00,-1177.51289429,31763.08303800,23563.08303800,8200.00
2022-08-18,0.00,332.94854570,32096.03158371,23896.03158371,8200.00
2022-08-19,0.00,-5530.16537721,26565.86620649,18365.86620649,8200.00
2022-08-20,0.00,0.00000000,26565.86620649,18365.86620649,8200.00
2022-08-21,0.00,0.00000000,26565.86620649,18365.86620649,8200.00
2022-08-22,0.00,0.00000000,26565.86620649,18365.86620649,8200.00
2022-08-23,0.00,0.00000000,26565.86620649,18365.86620649,8200.00
2022-08-24,0.00,0.00000000,26565.86620649,18365.86620649,8200.00
2022-08-25,0.00,-475.99665793,26089.86954856,17889.86954856,8200.00
2022-08-26,0.00,-1152.45567244,24937.41387612,16737.41387612,8200.00
2022-08-27,0.00,0.00000000,24937.41387612,16737.41387612,8200.00
2022-08-28,0.00,0.00000000,24937.41387612,16737.41387612,8200.00
2022-08-29,0.00,0.00000000,24937.41387612,16737.41387612,8200.00
2022-08-30,0.00,0.00000000,24937.41387612,16737.41387612,8200.00
2022-08-31,0.00,0.00000000,24937.41387612,16737.41387612,8200.00
2022-09-01,300.00,0.00000000,25237.41387612,16737.41387612,8500.00
2022-09-02,0.00,0.00000000,25237.41387612,16737.41387612,8500.00
2022-09-03,0.00,0.00000000,25237.41387612,16737.41387612,8500.00
2022-09-04,0.00,0.00000000,25237.41387612,16737.41387612,8500.00
2022-09-05,0.00,0.00000000,25237.41387612,16737.41387612,8500.00
2022-09-06,0.00,-1799.69239184,23437.72148428,14937.72148428,8500.00
2022-09-07,0.00,0.00000000,23437.72148428,14937.72148428,8500.00
2022-09-08,0.00,-30.06851356,23407.65297072,14907.65297072,8500.00
2022-09-09,0.00,2429.08338095,25836.73635167,17336.73635167,8500.00
2022-09-10,0.00,1633.91648129,27470.65283296,18970.65283296,8500.00
2022-09-11,0.00,-202.70419411,27267.94863885,18767.94863885,8500.00
2022-09-12,0.00,-1396.74330791,25871.20533094,17371.20533094,8500.00
2022-09-13,0.00,-3980.35126811,21890.85406283,13390.85406283,8500.00
2022-09-14,0.00,0.00000000,21890.85406283,13390.85406283,8500.00
2022-09-15,0.00,0.00000000,21890.85406283,13390.85406283,8500.00
2022-09-16,0.00,0.00000000,21890.85406283,13390.85406283,8500.00
2022-09-17,0.00,0.00000000,21890.85406283,13390.85406283,8500.00
2022-09-18,0.00,0.00000000,21890.85406283,13390.85406283,8500.00
2022-09-19,0.00,0.00000000,21890.85406283,13390.85406283,8500.00
2022-09-20,0.00,0.00000000,21890.85406283,13390.85406283,8500.00
2022-09-21,0.00,0.00000000,21890.85406283,13390.85406283,8500.00
2022-09-22,0.00,0.00000000,21890.85406283,13390.85406283,8500.00
2022-09-23,0.00,0.00000000,21890.85406283,13390.85406283,8500.00
2022-09-24,0.00,0.00000000,21890.85406283,13390.85406283,8500.00
2022-09-25,0.00,0.00000000,21890.85406283,13390.85406283,8500.00
2022-09-26,0.00,0.00000000,21890.85406283,13390.85406283,8500.00
2022-09-27,0.00,0.00000000,21890.85406283,13390.85406283,8500.00
2022-09-28,0.00,0.00000000,21890.85406283,13390.85406283,8500.00
2022-09-29,0.00,0.00000000,21890.85406283,13390.85406283,8500.00
2022-09-30,0.00,0.00000000,21890.85406283,13390.85406283,8500.00
2022-10-01,300.00,0.00000000,22190.85406283,13390.85406283,8800.00
2022-10-02,0.00,0.00000000,22190.85406283,13390.85406283,8800.00
2022-10-03,0.00,0.00000000,22190.85406283,13390.85406283,8800.00
2022-10-04,0.00,0.00000000,22190.85406283,13390.85406283,8800.00
2022-10-05,0.00,0.00000000,22190.85406283,13390.85406283,8800.00
2022-10-06,0.00,0.00000000,22190.85406283,13390.85406283,8800.00
2022-10-07,0.00,0.00000000,22190.85406283,13390.85406283,8800.00
2022-10-08,0.00,0.00000000,22190.85406283,13390.85406283,8800.00
2022-10-09,0.00,0.00000000,22190.85406283,13390.85406283,8800.00
2022-10-10,0.00,0.00000000,22190.85406283,13390.85406283,8800.00
2022-10-11,0.00,0.00000000,22190.85406283,13390.85406283,8800.00
2022-10-12,0.00,0.00000000,22190.85406283,13390.85406283,8800.00
2022-10-13,0.00,0.00000000,22190.85406283,13390.85406283,8800.00
2022-10-14,0.00,0.00000000,22190.85406283,13390.85406283,8800.00
2022-10-15,0.00,0.00000000,22190.85406283,13390.85406283,8800.00
2022-10-16,0.00,0.00000000,22190.85406283,13390.85406283,8800.00
2022-10-17,0.00,0.00000000,22190.85406283,13390.85406283,8800.00
2022-10-18,0.00,0.00000000,22190.85406283,13390.85406283,8800.00
2022-10-19,0.00,0.00000000,22190.85406283,13390.85406283,8800.00
2022-10-20,0.00,0.00000000,22190.85406283,13390.85406283,8800.00
2022-10-21,0.00,0.00000000,22190.85406283,13390.85406283,8800.00
2022-10-22,0.00,0.00000000,22190.85406283,13390.85406283,8800.00
2022-10-23,0.00,0.00000000,22190.85406283,13390.85406283,8800.00
2022-10-24,0.00,-608.07618028,21582.77788255,12782.77788255,8800.00
2022-10-25,0.00,3847.34675263,25430.12463517,16630.12463517,8800.00
2022-10-26,0.00,3500.66892464,28930.79355982,20130.79355982,8800.00
2022-10-27,0.00,-1714.44797910,27216.34558072,18416.34558072,8800.00
2022-10-28,0.00,1320.09369907,28536.43927979,19736.43927979,8800.00
2022-10-29,0.00,2135.04548668,30671.48476647,21871.48476647,8800.00
2022-10-30,0.00,-969.93359115,29701.55117532,20901.55117532,8800.00
2022-10-31,0.00,-598.99363704,29102.55753827,20302.55753827,8800.00
2022-11-01,300.00,195.78181109,29598.33934937,20498.33934937,9100.00
2022-11-02,0.00,-2010.77550634,27587.56384302,18487.56384302,9100.00
2022-11-03,0.00,437.98832343,28025.55216645,18925.55216645,9100.00
2022-11-04,0.00,3748.53118803,31774.08335448,22674.08335448,9100.00
2022-11-05,0.00,-602.82043228,31171.26292220,22071.26292220,9100.00
2022-11-06,0.00,-1950.34989547,29220.91302673,20120.91302673,9100.00
2022-11-07,0.00,-3.15746183,29217.75556490,20117.75556490,9100.00
2022-11-08,0.00,-10339.37741350,18878.37815141,9778.37815141,9100.00
2022-11-09,0.00,0.00000000,18878.37815141,9778.37815141,9100.00
2022-11-10,0.00,0.00000000,18878.37815141,9778.37815141,9100.00
2022-11-11,0.00,0.00000000,18878.37815141,9778.37815141,9100.00
2022-11-12,0.00,0.00000000,18878.37815141,9778.37815141,9100.00
2022-11-13,0.00,0.00000000,18878.37815141,9778.37815141,9100.00
2022-11-14,0.00,0.00000000,18878.37815141,9778.37815141,9100.00
2022-11-15,0.00,0.00000000,18878.37815141,9778.37815141,9100.00
2022-11-16,0.00,0.00000000,18878.37815141,9778.37815141,9100.00
2022-11-17,0.00,0.00000000,18878.37815141,9778.37815141,9100.00
2022-11-18,0.00,0.00000000,18878.37815141,9778.37815141,9100.00
2022-11-19,0.00,0.00000000,18878.37815141,9778.37815141,9100.00
2022-11-20,0.00,0.00000000,18878.37815141,9778.37815141,9100.00
2022-11-21,0.00,0.00000000,18878.37815141,9778.37815141,9100.00
2022-11-22,0.00,0.00000000,18878.37815141,9778.37815141,9100.00
2022-11-23,0.00,0.00000000,18878.37815141,9778.37815141,9100.00
2022-11-24,0.00,0.00000000,18878.37815141,9778.37815141,9100.00
2022-11-25,0.00,0.00000000,18878.37815141,9778.37815141,9100.00
2022-11-26,0.00,0.00000000,18878.37815141,9778.37815141,9100.00
2022-11-27,0.00,0.00000000,18878.37815141,9778.37815141,9100.00
2022-11-28,0.00,0.00000000,18878.37815141,9778.37815141,9100.00
2022-11-29,0.00,0.00000000,18878.37815141,9778.37815141,9100.00
2022-11-30,0.00,198.74119331,19077.11934471,9977.11934471,9100.00
2022-12-01,300.00,-548.68336117,18828.43598354,9428.43598354,9400.00
2022-12-02,0.00,567.85567246,19396.29165601,9996.29165601,9400.00
2022-12-03,0.00,-944.90908513,18451.38257088,9051.38257088,9400.00
2022-12-04,0.00,0.00000000,18451.38257088,9051.38257088,9400.00
2022-12-05,0.00,-719.82446478,17731.55810610,8331.55810610,9400.00
2022-12-06,0.00,0.00000000,17731.55810610,8331.55810610,9400.00
2022-12-07,0.00,0.00000000,17731.55810610,8331.55810610,9400.00
2022-12-08,0.00,0.00000000,17731.55810610,8331.55810610,9400.00
2022-12-09,0.00,-517.70117617,17213.85692993,7813.85692993,9400.00
2022-12-10,0.00,-346.34373138,16867.51319855,7467.51319855,9400.00
2022-12-11,0.00,-94.44045983,16773.07273872,7373.07273872,9400.00
2022-12-12,0.00,-260.32096904,16512.75176967,7112.75176967,9400.00
2022-12-13,0.00,1259.61395528,17772.36572495,8372.36572495,9400.00
2022-12-14,0.00,-359.98995744,17412.37576751,8012.37576751,9400.00
2022-12-15,0.00,-1100.77674696,16311.59902055,6911.59902055,9400.00
2022-12-16,0.00,-26.61852251,16284.98049804,6884.98049804,9400.00
2022-12-17,0.00,0.00000000,16284.98049804,6884.98049804,9400.00
2022-12-18,0.00,0.00000000,16284.98049804,6884.98049804,9400.00
2022-12-19,0.00,0.00000000,16284.98049804,6884.98049804,9400.00
2022-12-20,0.00,0.00000000,16284.98049804,6884.98049804,9400.00
2022-12-21,0.00,0.00000000,16284.98049804,6884.98049804,9400.00
2022-12-22,0.00,0.00000000,16284.98049804,6884.98049804,9400.00
2022-12-23,0.00,0.00000000,16284.98049804,6884.98049804,9400.00
2022-12-24,0.00,0.00000000,16284.98049804,6884.98049804,9400.00
2022-12-25,0.00,0.00000000,16284.98049804,6884.98049804,9400.00
2022-12-26,0.00,0.00000000,16284.98049804,6884.98049804,9400.00
2022-12-27,0.00,0.00000000,16284.98049804,6884.98049804,9400.00
2022-12-28,0.00,0.00000000,16284.98049804,6884.98049804,9400.00
2022-12-29,0.00,0.00000000,16284.98049804,6884.98049804,9400.00
2022-12-30,0.00,0.00000000,16284.98049804,6884.98049804,9400.00
2022-12-31,0.00,0.00000000,16284.98049804,6884.98049804,9400.00
2023-01-01,300.00,0.00000000,16584.98049804,6884.98049804,9700.00
2023-01-02,0.00,0.00000000,16584.98049804,6884.98049804,9700.00
2023-01-03,0.00,0.00000000,16584.98049804,6884.98049804,9700.00
2023-01-04,0.00,134.89273466,16719.87323270,7019.87323270,9700.00
2023-01-05,0.00,-152.65841370,16567.21481900,6867.21481900,9700.00
2023-01-06,0.00,458.70268815,17025.91750715,7325.91750715,9700.00
2023-01-07,0.00,-137.01920717,16888.89829997,7188.89829997,9700.00
2023-01-08,0.00,691.42298617,17580.32128614,7880.32128614,9700.00
2023-01-09,0.00,815.72841044,18396.04969658,8696.04969658,9700.00
2023-01-10,0.00,391.53349305,18787.58318963,9087.58318963,9700.00
2023-01-11,0.00,1440.66984278,20228.25303241,10528.25303241,9700.00
2023-01-12,0.00,702.46680345,20930.71983586,11230.71983586,9700.00
2023-01-13,0.00,931.03602045,21861.75585631,12161.75585631,9700.00
2023-01-14,0.00,2618.54132874,24480.29718505,14780.29718505,9700.00
2023-01-15,0.00,60.35499897,24540.65218402,14840.65218402,9700.00
2023-01-16,0.00,620.44807976,25161.10026379,15461.10026379,9700.00
2023-01-17,0.00,-315.25146165,24845.84880214,15145.84880214,9700.00
2023-01-18,0.00,-1467.35005665,23378.49874549,13678.49874549,9700.00
2023-01-19,0.00,1046.95246455,24425.45121004,14725.45121004,9700.00
2023-01-20,0.00,2884.59079065,27310.04200069,17610.04200069,9700.00
2023-01-21,0.00,-855.86721690,26454.17478379,16754.17478379,9700.00
2023-01-22,0.00,0.56129925,26454.73608304,16754.73608304,9700.00
2023-01-23,0.00,-46.56072308,26408.17535995,16708.17535995,9700.00
2023-01-24,0.00,-1917.04746960,24491.12789035,14791.12789035,9700.00
2023-01-25,0.00,1475.53533285,25966.66322320,16266.66322320,9700.00
2023-01-26,0.00,-300.73452585,25665.92869735,15965.92869735,9700.00
2023-01-27,0.00,-109.70869725,25556.22000010,15856.22000010,9700.00
2023-01-28,0.00,-699.08614680,24857.13385330,15157.13385330,9700.00
2023-01-29,0.00,1978.10804805,26835.24190135,17135.24190135,9700.00
2023-01-30,0.00,-2154.33319005,24680.90871130,14980.90871130,9700.00
2023-01-31,0.00,500.12335080,25181.03206210,15481.03206210,9700.00
2023-02-01,300.00,1511.82882690,26992.86088900,16992.86088900,10000.00
2023-02-02,0.00,40.58184180,27033.44273080,17033.44273080,10000.00
2023-02-03,0.00,520.23134265,27553.67407345,17553.67407345,10000.00
2023-02-04,0.00,60.67458285,27614.34865630,17614.34865630,10000.00
2023-02-05,0.00,-1019.16974925,26595.17890705,16595.17890705,10000.00
2023-02-06,0.00,-418.08846525,26177.09044180,16177.09044180,10000.00
2023-02-07,0.00,1506.88686960,27683.97731140,17683.97731140,10000.00
2023-02-08,0.00,-557.14174230,27126.83556910,17126.83556910,10000.00
2023-02-09,0.00,-2848.01303565,24278.82253345,14278.82253345,10000.00
2023-02-10,0.00,-128.96296352,24149.85956993,14149.85956993,10000.00
2023-02-11,0.00,0.00000000,24149.85956993,14149.85956993,10000.00
2023-02-12,0.00,0.00000000,24149.85956993,14149.85956993,10000.00
2023-02-13,0.00,0.00000000,24149.85956993,14149.85956993,10000.00
2023-02-14,0.00,0.00000000,24149.85956993,14149.85956993,10000.00
2023-02-15,0.00,3179.11532252,27328.97489245,17328.97489245,10000.00
2023-02-16,0.00,-1137.97421903,26191.00067343,16191.00067343,10000.00
2023-02-17,0.00,1699.33447176,27890.33514519,17890.33514519,10000.00
2023-02-18,0.00,-92.33612883,27797.99901636,17797.99901636,10000.00
2023-02-19,0.00,-368.95508034,27429.04393602,17429.04393602,10000.00
2023-02-20,0.00,711.84782040,28140.89175642,18140.89175642,10000.00
2023-02-21,0.00,-1400.19825780,26740.69349862,16740.69349862,10000.00
2023-02-22,0.00,-550.07392269,26190.61957593,16190.61957593,10000.00
2023-02-23,0.00,227.96677716,26418.58635309,16418.58635309,10000.00
2023-02-24,0.00,-1333.77576267,25084.81059042,15084.81059042,10000.00
2023-02-25,0.00,-408.59253854,24676.21805188,14676.21805188,10000.00
2023-02-26,0.00,294.82314773,24971.04119961,14971.04119961,10000.00
2023-02-27,0.00,-254.21931856,24716.82188105,14716.82188105,10000.00
2023-02-28,0.00,-862.40598780,23854.41589326,13854.41589326,10000.00
2023-03-01,300.00,1820.72569834,25975.14159160,15675.14159160,10300.00
2023-03-02,0.00,-540.26412569,25434.87746591,15134.87746591,10300.00
2023-03-03,0.00,-2572.15911189,22862.71835401,12562.71835401,10300.00
2023-03-04,0.00,0.00000000,22862.71835401,12562.71835401,10300.00
2023-03-05,0.00,0.00000000,22862.71835401,12562.71835401,10300.00
2023-03-06,0.00,0.00000000,22862.71835401,12562.71835401,10300.00
2023-03-07,0.00,0.00000000,22862.71835401,12562.71835401,10300.00
2023-03-08,0.00,0.00000000,22862.71835401,12562.71835401,10300.00
2023-03-09,0.00,0.00000000,22862.71835401,12562.71835401,10300.00
2023-03-10,0.00,0.00000000,22862.71835401,12562.71835401,10300.00
2023-03-11,0.00,0.00000000,22862.71835401,12562.71835401,10300.00
2023-03-12,0.00,0.00000000,22862.71835401,12562.71835401,10300.00
2023-03-13,0.00,2139.21981102,25001.93816503,14701.93816503,10300.00
2023-03-14,0.00,738.77264715,25740.71081218,15440.71081218,10300.00
2023-03-15,0.00,-1480.39128059,24260.31953159,13960.31953159,10300.00
2023-03-16,0.00,644.23370085,24904.55323244,14604.55323244,10300.00
2023-03-17,0.00,3366.20887137,28270.76210381,17970.76210381,10300.00
2023-03-18,0.00,-904.07732085,27366.68478296,17066.68478296,10300.00
2023-03-19,0.00,606.13746945,27972.82225241,17672.82225241,10300.00
2023-03-20,0.00,-1412.22424895,26560.59800346,16260.59800346,10300.00
2023-03-21,0.00,1970.46321555,28531.06121901,18231.06121901,10300.00
2023-03-22,0.00,-1932.27780471,26598.78341431,16298.78341431,10300.00
2023-03-23,0.00,2296.79841334,28895.58182764,18595.58182764,10300.00
2023-03-24,0.00,-1882.89005100,27012.69177664,16712.69177664,10300.00
2023-03-25,0.00,-225.70550322,26786.98627342,16486.98627342,10300.00
2023-03-26,0.00,911.95036333,27698.93663675,17398.93663675,10300.00
2023-03-27,0.00,-1687.76517698,26011.17145977,15711.17145977,10300.00
2023-03-28,0.00,1667.25446915,27678.42592892,17378.42592892,10300.00
2023-03-29,0.00,558.88686943,28237.31279835,17937.31279835,10300.00
2023-03-30,0.00,19.73878500,28257.05158335,17957.05158335,10300.00
2023-03-31,0.00,799.09502361,29056.14660696,18756.14660696,10300.00
2023-04-01,300.00,-42.53221598,29313.61439098,18713.61439098,10600.00
2023-04-02,0.00,-766.79316218,28546.82122880,17946.82122880,10600.00
2023-04-03,0.00,469.46235264,29016.28358144,18416.28358144,10600.00
2023-04-04,0.00,1710.07776748,30726.36134892,20126.36134892,10600.00
2023-04-05,0.00,1096.08451606,31822.44586498,21222.44586498,10600.00
2023-04-06,0.00,-1052.82653866,30769.61932632,20169.61932632,10600.00
2023-04-07,0.00,-251.80528234,30517.81404398,19917.81404398,10600.00
2023-04-08,0.00,-433.67704430,30084.13699968,19484.13699968,10600.00
2023-04-09,0.00,283.23307738,30367.37007706,19767.37007706,10600.00
2023-04-10,0.00,1477.94465592,31845.31473297,21245.31473297,10600.00
2023-04-11,0.00,-589.28118463,31256.03354835,20656.03354835,10600.00
2023-04-12,0.00,806.45883352,32062.49238187,21462.49238187,10600.00
2023-04-13,0.00,2731.62122505,34794.11360692,24194.11360692,10600.00
2023-04-14,0.00,2528.84552415,37322.95913107,26722.95913107,10600.00
2023-04-15,0.00,-266.32619085,37056.63294022,26456.63294022,10600.00
2023-04-16,0.00,760.27662030,37816.90956052,27216.90956052,10600.00
2023-04-17,0.00,-1280.40042630,36536.50913422,25936.50913422,10600.00
2023-04-18,0.00,815.60835000,37352.11748422,26752.11748422,10600.00
2023-04-19,0.00,-4946.32514155,32405.79234267,21805.79234267,10600.00
2023-04-20,0.00,263.76861104,32669.56095371,22069.56095371,10600.00
2023-04-21,0.00,-2952.93196709,29716.62898662,19116.62898662,10600.00
2023-04-22,0.00,0.00000000,29716.62898662,19116.62898662,10600.00
2023-04-23,0.00,0.00000000,29716.62898662,19116.62898662,10600.00
2023-04-24,0.00,0.00000000,29716.62898662,19116.62898662,10600.00
2023-04-25,0.00,0.00000000,29716.62898662,19116.62898662,10600.00
2023-04-26,0.00,-2961.64918071,26754.97980591,16154.97980591,10600.00
2023-04-27,0.00,486.05457163,27241.03437755,16641.03437755,10600.00
2023-04-28,0.00,-519.13279240,26721.90158515,16121.90158515,10600.00
2023-04-29,0.00,477.25598965,27199.15757480,16599.15757480,10600.00
2023-04-30,0.00,-1119.99581529,26079.16175950,15479.16175950,10600.00
2023-05-01,300.00,-1001.29497874,25377.86678077,14477.86678077,10900.00
2023-05-02,0.00,0.00000000,25377.86678077,14477.86678077,10900.00
2023-05-03,0.00,0.00000000,25377.86678077,14477.86678077,10900.00
2023-05-04,0.00,-767.92650178,24609.94027899,13709.94027899,10900.00
2023-05-05,0.00,2449.87605723,27059.81633622,16159.81633622,10900.00
2023-05-06,0.00,-2564.04980184,24495.76653437,13595.76653437,10900.00
2023-05-07,0.00,-681.24769437,23814.51884000,12914.51884000,10900.00
2023-05-08,0.00,-331.29445460,23483.22438540,12583.22438540,10900.00
2023-05-09,0.00,0.00000000,23483.22438540,12583.22438540,10900.00
2023-05-10,0.00,0.00000000,23483.22438540,12583.22438540,10900.00
2023-05-11,0.00,0.00000000,23483.22438540,12583.22438540,10900.00
2023-05-12,0.00,0.00000000,23483.22438540,12583.22438540,10900.00
2023-05-13,0.00,0.00000000,23483.22438540,12583.22438540,10900.00
2023-05-14,0.00,0.00000000,23483.22438540,12583.22438540,10900.00
2023-05-15,0.00,0.00000000,23483.22438540,12583.22438540,10900.00
2023-05-16,0.00,0.00000000,23483.22438540,12583.22438540,10900.00
2023-05-17,0.00,0.00000000,23483.22438540,12583.22438540,10900.00
2023-05-18,0.00,0.00000000,23483.22438540,12583.22438540,10900.00
2023-05-19,0.00,0.00000000,23483.22438540,12583.22438540,10900.00
2023-05-20,0.00,0.00000000,23483.22438540,12583.22438540,10900.00
2023-05-21,0.00,0.00000000,23483.22438540,12583.22438540,10900.00
2023-05-22,0.00,0.00000000,23483.22438540,12583.22438540,10900.00
2023-05-23,0.00,-91.61742557,23391.60695983,12491.60695983,10900.00
2023-05-24,0.00,-728.54377797,22663.06318186,11763.06318186,10900.00
2023-05-25,0.00,0.00000000,22663.06318186,11763.06318186,10900.00
2023-05-26,0.00,0.00000000,22663.06318186,11763.06318186,10900.00
2023-05-27,0.00,0.00000000,22663.06318186,11763.06318186,10900.00
2023-05-28,0.00,1414.57069618,24077.63387804,13177.63387804,10900.00
2023-05-29,0.00,-432.25675840,23645.37711964,12745.37711964,10900.00
2023-05-30,0.00,194.62438970,23840.00150934,12940.00150934,10900.00
2023-05-31,0.00,-675.09463692,23164.90687241,12264.90687241,10900.00
2023-06-01,300.00,-315.74076683,23149.16610558,11949.16610558,11200.00
2023-06-02,0.00,1105.05266506,24254.21877065,13054.21877065,11200.00
2023-06-03,0.00,-372.69548907,23881.52328158,12681.52328158,11200.00
2023-06-04,0.00,-66.17050072,23815.35278085,12615.35278085,11200.00
2023-06-05,0.00,-1919.36925389,21895.98352696,10695.98352696,11200.00
2023-06-06,0.00,69.46104044,21965.44456740,10765.44456740,11200.00
2023-06-07,0.00,-852.51029582,21112.93427158,9912.93427158,11200.00
2023-06-08,0.00,0.00000000,21112.93427158,9912.93427158,11200.00
2023-06-09,0.00,0.00000000,21112.93427158,9912.93427158,11200.00
2023-06-10,0.00,0.00000000,21112.93427158,9912.93427158,11200.00
2023-06-11,0.00,0.00000000,21112.93427158,9912.93427158,11200.00
2023-06-12,0.00,0.00000000,21112.93427158,9912.93427158,11200.00
2023-06-13,0.00,0.00000000,21112.93427158,9912.93427158,11200.00
2023-06-14,0.00,0.00000000,21112.93427158,9912.93427158,11200.00
2023-06-15,0.00,0.00000000,21112.93427158,9912.93427158,11200.00
2023-06-16,0.00,0.00000000,21112.93427158,9912.93427158,11200.00
2023-06-17,0.00,0.00000000,21112.93427158,9912.93427158,11200.00
2023-06-18,0.00,0.00000000,21112.93427158,9912.93427158,11200.00
2023-06-19,0.00,0.00000000,21112.93427158,9912.93427158,11200.00
2023-06-20,0.00,0.00000000,21112.93427158,9912.93427158,11200.00
2023-06-21,0.00,1797.33178277,22910.26605435,11710.26605435,11200.00
2023-06-22,0.00,-413.41321240,22496.85284195,11296.85284195,11200.00
2023-06-23,0.00,481.03174817,22977.88459012,11777.88459012,11200.00
2023-06-24,0.00,-428.60851502,22549.27607510,11349.27607510,11200.00
2023-06-25,0.00,548.06091200,23097.33698710,11897.33698710,11200.00
2023-06-26,0.00,-957.87760490,22139.45938220,10939.45938220,11200.00
2023-06-27,0.00,724.23021944,22863.68960163,11663.68960163,11200.00
2023-06-28,0.00,-1465.36246455,21398.32713708,10198.32713708,11200.00
2023-06-29,0.00,559.21574297,21957.54288005,10757.54288005,11200.00
2023-06-30,0.00,1929.83809683,23887.38097688,12687.38097688,11200.00
2023-07-01,300.00,-233.81787320,23953.56310368,12453.56310368,11500.00
2023-07-02,0.00,307.61160400,24261.17470768,12761.17470768,11500.00
2023-07-03,0.00,394.65369040,24655.82839808,13155.82839808,11500.00
2023-07-04,0.00,-468.83085040,24186.99754768,12686.99754768,11500.00
2023-07-05,0.00,-623.45033320,23563.54721448,12063.54721448,11500.00
2023-07-06,0.00,-1545.70204886,22017.84516562,10517.84516562,11500.00
2023-07-07,0.00,126.17882142,22144.02398704,10644.02398704,11500.00
2023-07-08,0.00,-380.26544752,21763.75853952,10263.75853952,11500.00
2023-07-09,0.00,-155.99900293,21607.75953660,10107.75953660,11500.00
2023-07-10,0.00,-250.00286901,21357.75666758,9857.75666758,11500.00
2023-07-11,0.00,-47.00435547,21310.75231211,9810.75231211,11500.00
2023-07-12,0.00,-168.05996509,21142.69234702,9642.69234702,11500.00
2023-07-13,0.00,3070.56432402,24213.25667103,12713.25667103,11500.00
2023-07-14,0.00,-1573.21578144,22640.04088959,11140.04088959,11500.00
2023-07-15,0.00,-152.75894639,22487.28194321,10987.28194321,11500.00
2023-07-16,0.00,-222.48546828,22264.79647492,10764.79647492,11500.00
2023-07-17,0.00,-246.94361493,22017.85285999,10517.85285999,11500.00
2023-07-18,0.00,-328.57612228,21689.27673771,10189.27673771,11500.00
2023-07-19,0.00,-215.43227288,21473.84446483,9973.84446483,11500.00
2023-07-20,0.00,60.72914207,21534.57360690,10034.57360690,11500.00
2023-07-21,0.00,2.23836478,21536.81197167,10036.81197167,11500.00
2023-07-22,0.00,-221.63675725,21315.17521442,9815.17521442,11500.00
2023-07-23,0.00,0.00000000,21315.17521442,9815.17521442,11500.00
2023-07-24,0.00,0.00000000,21315.17521442,9815.17521442,11500.00
2023-07-25,0.00,0.00000000,21315.17521442,9815.17521442,11500.00
2023-07-26,0.00,0.00000000,21315.17521442,9815.17521442,11500.00
2023-07-27,0.00,0.00000000,21315.17521442,9815.17521442,11500.00
2023-07-28,0.00,0.00000000,21315.17521442,9815.17521442,11500.00
2023-07-29,0.00,0.00000000,21315.17521442,9815.17521442,11500.00
2023-07-30,0.00,0.00000000,21315.17521442,9815.17521442,11500.00
2023-07-31,0.00,0.00000000,21315.17521442,9815.17521442,11500.00
2023-08-01,300.00,0.00000000,21615.17521442,9815.17521442,11800.00
2023-08-02,0.00,0.00000000,21615.17521442,9815.17521442,11800.00
2023-08-03,0.00,0.00000000,21615.17521442,9815.17521442,11800.00
2023-08-04,0.00,0.00000000,21615.17521442,9815.17521442,11800.00
2023-08-05,0.00,0.00000000,21615.17521442,9815.17521442,11800.00
2023-08-06,0.00,0.00000000,21615.17521442,9815.17521442,11800.00
2023-08-07,0.00,0.00000000,21615.17521442,9815.17521442,11800.00
2023-08-08,0.00,0.00000000,21615.17521442,9815.17521442,11800.00
2023-08-09,0.00,0.00000000,21615.17521442,9815.17521442,11800.00
2023-08-10,0.00,0.00000000,21615.17521442,9815.17521442,11800.00
2023-08-11,0.00,0.00000000,21615.17521442,9815.17521442,11800.00
2023-08-12,0.00,0.00000000,21615.17521442,9815.17521442,11800.00
2023-08-13,0.00,0.00000000,21615.17521442,9815.17521442,11800.00
2023-08-14,0.00,0.00000000,21615.17521442,9815.17521442,11800.00
2023-08-15,0.00,0.00000000,21615.17521442,9815.17521442,11800.00
2023-08-16,0.00,0.00000000,21615.17521442,9815.17521442,11800.00
2023-08-17,0.00,0.00000000,21615.17521442,9815.17521442,11800.00
2023-08-18,0.00,0.00000000,21615.17521442,9815.17521442,11800.00
2023-08-19,0.00,0.00000000,21615.17521442,9815.17521442,11800.00
2023-08-20,0.00,0.00000000,21615.17521442,9815.17521442,11800.00
2023-08-21,0.00,0.00000000,21615.17521442,9815.17521442,11800.00
2023-08-22,0.00,0.00000000,21615.17521442,9815.17521442,11800.00
2023-08-23,0.00,0.00000000,21615.17521442,9815.17521442,11800.00
2023-08-24,0.00,0.00000000,21615.17521442,9815.17521442,11800.00
2023-08-25,0.00,0.00000000,21615.17521442,9815.17521442,11800.00
2023-08-26,0.00,0.00000000,21615.17521442,9815.17521442,11800.00
2023-08-27,0.00,0.00000000,21615.17521442,9815.17521442,11800.00
2023-08-28,0.00,0.00000000,21615.17521442,9815.17521442,11800.00
2023-08-29,0.00,0.00000000,21615.17521442,9815.17521442,11800.00
2023-08-30,0.00,0.00000000,21615.17521442,9815.17521442,11800.00
2023-08-31,0.00,0.00000000,21615.17521442,9815.17521442,11800.00
2023-09-01,300.00,0.00000000,21915.17521442,9815.17521442,12100.00
2023-09-02,0.00,0.00000000,21915.17521442,9815.17521442,12100.00
2023-09-03,0.00,0.00000000,21915.17521442,9815.17521442,12100.00
2023-09-04,0.00,0.00000000,21915.17521442,9815.17521442,12100.00
2023-09-05,0.00,0.00000000,21915.17521442,9815.17521442,12100.00
2023-09-06,0.00,0.00000000,21915.17521442,9815.17521442,12100.00
2023-09-07,0.00,0.00000000,21915.17521442,9815.17521442,12100.00
2023-09-08,0.00,0.00000000,21915.17521442,9815.17521442,12100.00
2023-09-09,0.00,0.00000000,21915.17521442,9815.17521442,12100.00
2023-09-10,0.00,0.00000000,21915.17521442,9815.17521442,12100.00
2023-09-11,0.00,0.00000000,21915.17521442,9815.17521442,12100.00
2023-09-12,0.00,0.00000000,21915.17521442,9815.17521442,12100.00
2023-09-13,0.00,0.00000000,21915.17521442,9815.17521442,12100.00
2023-09-14,0.00,0.00000000,21915.17521442,9815.17521442,12100.00
2023-09-15,0.00,0.00000000,21915.17521442,9815.17521442,12100.00
2023-09-16,0.00,0.00000000,21915.17521442,9815.17521442,12100.00
2023-09-17,0.00,0.00000000,21915.17521442,9815.17521442,12100.00
2023-09-18,0.00,0.00000000,21915.17521442,9815.17521442,12100.00
2023-09-19,0.00,0.00000000,21915.17521442,9815.17521442,12100.00
2023-09-20,0.00,0.00000000,21915.17521442,9815.17521442,12100.00
2023-09-21,0.00,0.00000000,21915.17521442,9815.17521442,12100.00
2023-09-22,0.00,0.00000000,21915.17521442,9815.17521442,12100.00
2023-09-23,0.00,0.00000000,21915.17521442,9815.17521442,12100.00
2023-09-24,0.00,0.00000000,21915.17521442,9815.17521442,12100.00
2023-09-25,0.00,0.00000000,21915.17521442,9815.17521442,12100.00
2023-09-26,0.00,0.00000000,21915.17521442,9815.17521442,12100.00
2023-09-27,0.00,0.00000000,21915.17521442,9815.17521442,12100.00
2023-09-28,0.00,-242.14163672,21673.03357770,9573.03357770,12100.00
2023-09-29,0.00,385.07894284,22058.11252054,9958.11252054,12100.00
2023-09-30,0.00,95.53882468,22153.65134523,10053.65134523,12100.00
2023-10-01,300.00,1687.55360750,24141.20495272,11741.20495272,12400.00
2023-10-02,0.00,-1931.59370498,22209.61124774,9809.61124774,12400.00
2023-10-03,0.00,-145.78771988,22063.82352786,9663.82352786,12400.00
2023-10-04,0.00,-612.75968910,21451.06383877,9051.06383877,12400.00
2023-10-05,0.00,0.00000000,21451.06383877,9051.06383877,12400.00
2023-10-06,0.00,0.00000000,21451.06383877,9051.06383877,12400.00
2023-10-07,0.00,0.00000000,21451.06383877,9051.06383877,12400.00
2023-10-08,0.00,0.00000000,21451.06383877,9051.06383877,12400.00
2023-10-09,0.00,0.00000000,21451.06383877,9051.06383877,12400.00
2023-10-10,0.00,0.00000000,21451.06383877,9051.06383877,12400.00
2023-10-11,0.00,0.00000000,21451.06383877,9051.06383877,12400.00
2023-10-12,0.00,0.00000000,21451.06383877,9051.06383877,12400.00
2023-10-13,0.00,0.00000000,21451.06383877,9051.06383877,12400.00
2023-10-14,0.00,0.00000000,21451.06383877,9051.06383877,12400.00
2023-10-15,0.00,0.00000000,21451.06383877,9051.06383877,12400.00
2023-10-16,0.00,0.00000000,21451.06383877,9051.06383877,12400.00
2023-10-17,0.00,0.00000000,21451.06383877,9051.06383877,12400.00
2023-10-18,0.00,0.00000000,21451.06383877,9051.06383877,12400.00
2023-10-19,0.00,0.00000000,21451.06383877,9051.06383877,12400.00
2023-10-20,0.00,-92.07697036,21358.98686841,8958.98686841,12400.00
2023-10-21,0.00,321.20109788,21680.18796628,9280.18796628,12400.00
2023-10-22,0.00,914.08336775,22594.27133403,10194.27133403,12400.00
2023-10-23,0.00,2747.98606098,25342.25739501,12942.25739501,12400.00
2023-10-24,0.00,463.49481220,25805.75220721,13405.75220721,12400.00
2023-10-25,0.00,49.58373000,25855.33593721,13455.33593721,12400.00
2023-10-26,0.00,426.88924880,26282.22518601,13882.22518601,12400.00
2023-10-27,0.00,-633.51472380,25648.71046221,13248.71046221,12400.00
2023-10-28,0.00,-100.97261580,25547.73784641,13147.73784641,12400.00
2023-10-29,0.00,483.97939240,26031.71723881,13631.71723881,12400.00
2023-10-30,0.00,366.53834420,26398.25558301,13998.25558301,12400.00
2023-10-31,0.00,141.52987520,26539.78545821,14139.78545821,12400.00
2023-11-01,300.00,850.89662700,27690.68208521,14990.68208521,12700.00
2023-11-02,0.00,-1292.03766352,26398.64442169,13698.64442169,12700.00
2023-11-03,0.00,831.74952140,27230.39394309,14530.39394309,12700.00
2023-11-04,0.00,612.86860180,27843.26254489,15143.26254489,12700.00
2023-11-05,0.00,953.56528540,28796.82783029,16096.82783029,12700.00
2023-11-06,0.00,230.16080920,29026.98863949,16326.98863949,12700.00
2023-11-07,0.00,-438.52270560,28588.46593389,15888.46593389,12700.00
2023-11-08,0.00,54.92668580,28643.39261969,15943.39261969,12700.00
2023-11-09,0.00,6188.99956794,34832.39218763,22132.39218763,12700.00
2023-11-10,0.00,-1211.39004290,33621.00214473,20921.00214473,12700.00
2023-11-11,0.00,-683.77539418,32937.22675054,20237.22675054,12700.00
2023-11-12,0.00,-252.20664764,32685.02010290,19985.02010290,12700.00
2023-11-13,0.00,198.88808307,32883.90818597,20183.90818597,12700.00
2023-11-14,0.00,-2020.05048178,30863.85770419,18163.85770419,12700.00
2023-11-15,0.00,2090.26438880,32954.12209299,20254.12209299,12700.00
2023-11-16,0.00,-2600.70977040,30353.41232259,17653.41232259,12700.00
2023-11-17,0.00,-40.04020860,30313.37211399,17613.37211399,12700.00
2023-11-18,0.00,37.10372820,30350.47584219,17650.47584219,12700.00
2023-11-19,0.00,1294.90680620,31645.38264839,18945.38264839,12700.00
2023-11-20,0.00,248.50839860,31893.89104699,19193.89104699,12700.00
2023-11-21,0.00,-2382.60487920,29511.28616779,16811.28616779,12700.00
2023-11-22,0.00,3454.64499520,32965.93116299,20265.93116299,12700.00
2023-11-23,0.00,-49.13783420,32916.79332879,20216.79332879,12700.00
2023-11-24,0.00,474.91475080,33391.70807959,20691.70807959,12700.00
2023-11-25,0.00,28.86730420,33420.57538379,20720.57538379,12700.00
2023-11-26,0.00,-572.52924960,32848.04613419,20148.04613419,12700.00
2023-11-27,0.00,-931.29318520,31916.75294899,19216.75294899,12700.00
2023-11-28,0.00,532.59036040,32449.34330939,19749.34330939,12700.00
2023-11-29,0.00,-542.73916480,31906.60414459,19206.60414459,12700.00
2023-11-30,0.00,604.89139480,32511.49553939,19811.49553939,12700.00
2023-12-01,300.00,920.56346340,33732.05900279,20732.05900279,13000.00
2023-12-02,0.00,2065.79260160,35797.85160439,22797.85160439,13000.00
2023-12-03,0.00,726.47076460,36524.32236899,23524.32236899,13000.00
2023-12-04,0.00,1323.47408900,37847.79645799,24847.79645799,13000.00
2023-12-05,0.00,1320.49768200,39168.29413999,26168.29413999,13000.00
2023-12-06,0.00,-1632.21119180,37536.08294819,24536.08294819,13000.00
2023-12-07,0.00,3273.61385400,40809.69680219,27809.69680219,13000.00
2023-12-08,0.00,72.04839852,40881.74520070,27881.74520070,13000.00
2023-12-09,0.00,-545.03500118,40336.71019953,27336.71019953,13000.00
2023-12-10,0.00,273.09361866,40609.80381819,27609.80381819,13000.00
2023-12-11,0.00,-3442.66018083,37167.14363736,24167.14363736,13000.00
2023-12-12,0.00,-572.57609220,36594.56754516,23594.56754516,13000.00
2023-12-13,0.00,1486.81531822,38081.38286337,25081.38286337,13000.00
2023-12-14,0.00,1447.51723060,39528.90009397,26528.90009397,13000.00
2023-12-15,0.00,-2540.87394884,36988.02614513,23988.02614513,13000.00
2023-12-16,0.00,193.05726720,37181.08341233,24181.08341233,13000.00
2023-12-17,0.00,-862.03876348,36319.04464885,23319.04464885,13000.00
2023-12-18,0.00,579.50398820,36898.54863705,23898.54863705,13000.00
2023-12-19,0.00,-1120.55668060,35777.99195645,22777.99195645,13000.00
2023-12-20,0.00,637.59050229,36415.58245874,23415.58245874,13000.00
2023-12-21,0.00,938.83832777,37354.42078651,24354.42078651,13000.00
2023-12-22,0.00,2181.64862112,39536.06940763,26536.06940763,13000.00
2023-12-23,0.00,-473.46385294,39062.60555470,26062.60555470,13000.00
2023-12-24,0.00,-1215.43676734,37847.16878736,24847.16878736,13000.00
2023-12-25,0.00,155.14134604,38002.31013340,25002.31013340,13000.00
2023-12-26,0.00,-1150.50579826,36851.80433514,23851.80433514,13000.00
2023-12-27,0.00,3859.71012531,40711.51446045,27711.51446045,13000.00
2023-12-28,0.00,-998.50175709,39713.01270336,26713.01270336,13000.00
2023-12-29,0.00,-1294.29169576,38418.72100761,25418.72100761,13000.00
2023-12-30,0.00,-247.46451665,38171.25649096,25171.25649096,13000.00
2023-12-31,0.00,-299.90253546,37871.35395550,24871.35395550,13000.00
2024-01-01,300.00,1820.13740637,39991.49136187,26691.49136187,13300.00
2024-01-02,0.00,-44.65684538,39946.83451649,26646.83451649,13300.00
2024-01-03,0.00,-3752.08691256,36194.74760393,22894.74760393,13300.00
2024-01-04,0.00,-284.73807982,35910.00952411,22610.00952411,13300.00
2024-01-05,0.00,-892.62604628,35017.38347783,21717.38347783,13300.00
2024-01-06,0.00,0.00000000,35017.38347783,21717.38347783,13300.00
2024-01-07,0.00,0.00000000,35017.38347783,21717.38347783,13300.00
2024-01-08,0.00,700.18527267,35717.56875050,22417.56875050,13300.00
2024-01-09,0.00,388.44526924,36106.01401974,22806.01401974,13300.00
2024-01-10,0.00,7395.59316552,43501.60718526,30201.60718526,13300.00
2024-01-11,0.00,983.08198569,44484.68917095,31184.68917095,13300.00
2024-01-12,0.00,-2952.42847879,41532.26069216,28232.26069216,13300.00
2024-01-13,0.00,1672.82285877,43205.08355093,29905.08355093,13300.00
2024-01-14,0.00,-3223.78691663,39981.29663430,26681.29663430,13300.00
2024-01-15,0.00,1140.07184501,41121.36847931,27821.36847931,13300.00
2024-01-16,0.00,2287.23328540,43408.60176471,30108.60176471,13300.00
2024-01-17,0.00,-1768.44650605,41640.15525866,28340.15525866,13300.00
2024-01-18,0.00,-1846.55217880,39793.60307986,26493.60307986,13300.00
2024-01-19,0.00,627.81254788,40421.41562774,27121.41562774,13300.00
2024-01-20,0.00,-643.28888267,39778.12674507,26478.12674507,13300.00
2024-01-21,0.00,-491.42223676,39286.70450831,25986.70450831,13300.00
2024-01-22,0.00,-2440.62435445,36846.08015386,23546.08015386,13300.00
2024-01-23,0.00,0.00000000,36846.08015386,23546.08015386,13300.00
2024-01-24,0.00,0.00000000,36846.08015386,23546.08015386,13300.00
2024-01-25,0.00,0.00000000,36846.08015386,23546.08015386,13300.00
2024-01-26,0.00,0.00000000,36846.08015386,23546.08015386,13300.00
2024-01-27,0.00,0.00000000,36846.08015386,23546.08015386,13300.00
2024-01-28,0.00,0.00000000,36846.08015386,23546.08015386,13300.00
2024-01-29,0.00,0.00000000,36846.08015386,23546.08015386,13300.00
2024-01-30,0.00,-1018.37660115,35827.70355271,22527.70355271,13300.00
2024-01-31,0.00,-394.44158289,35433.26196983,22133.26196983,13300.00
2024-02-01,300.00,0.00000000,35733.26196983,22133.26196983,13600.00
2024-02-02,0.00,0.00000000,35733.26196983,22133.26196983,13600.00
2024-02-03,0.00,0.00000000,35733.26196983,22133.26196983,13600.00
2024-02-04,0.00,0.00000000,35733.26196983,22133.26196983,13600.00
2024-02-05,0.00,0.00000000,35733.26196983,22133.26196983,13600.00
2024-02-06,0.00,736.75762447,36470.01959429,22870.01959429,13600.00
2024-02-07,0.00,1605.65543271,38075.67502700,24475.67502700,13600.00
2024-02-08,0.00,-188.83016618,37886.84486082,24286.84486082,13600.00
2024-02-09,0.00,2028.54577166,39915.39063248,26315.39063248,13600.00
2024-02-10,0.00,409.31709987,40324.70773235,26724.70773235,13600.00
2024-02-11,0.00,193.52670530,40518.23443765,26918.23443765,13600.00
2024-02-12,0.00,4753.29827872,45271.53271637,31671.53271637,13600.00
2024-02-13,0.00,-643.55741287,44627.97530350,31027.97530350,13600.00
2024-02-14,0.00,4144.18762472,48772.16292822,35172.16292822,13600.00
2024-02-15,0.00,1459.79554587,50231.95847409,36631.95847409,13600.00
2024-02-16,0.00,-671.12808778,49560.83038631,35960.83038631,13600.00
2024-02-17,0.00,-530.05158709,49030.77879922,35430.77879922,13600.00
2024-02-18,0.00,2937.42758451,51968.20638373,38368.20638373,13600.00
2024-02-19,0.00,1914.47572894,53882.68211267,40282.68211267,13600.00
2024-02-20,0.00,2122.41372433,56005.09583700,42405.09583700,13600.00
2024-02-21,0.00,-1504.86873769,54500.22709931,40900.22709931,13600.00
2024-02-22,0.00,69.50953381,54569.73663312,40969.73663312,13600.00
2024-02-23,0.00,-1551.74977263,53017.98686049,39417.98686049,13600.00
2024-02-24,0.00,2162.89391085,55180.88077134,41580.88077134,13600.00
2024-02-25,0.00,3672.57956727,58853.46033861,45253.46033861,13600.00
2024-02-26,0.00,1859.27309280,60712.73343141,47112.73343141,13600.00
2024-02-27,0.00,1922.69259793,62635.42602934,49035.42602934,13600.00
2024-02-28,0.00,4269.41800001,66904.84402935,53304.84402935,13600.00
2024-02-29,0.00,-1578.95714260,65325.88688676,51725.88688676,13600.00
2024-03-01,300.00,2706.88377389,68332.77066065,54432.77066065,13900.00
2024-03-02,0.00,-522.14006543,67810.63059522,53910.63059522,13900.00
2024-03-03,0.00,1955.25330735,69765.88390257,55865.88390257,13900.00
2024-03-04,0.00,4121.78720572,73887.67110828,59987.67110828,13900.00
2024-03-05,0.00,-2545.31167147,71342.35943682,57442.35943682,13900.00
2024-03-06,0.00,8114.69083539,79457.05027220,65557.05027220,13900.00
2024-03-07,0.00,1380.62932417,80837.67959637,66937.67959637,13900.00
2024-03-08,0.00,262.44131561,81100.12091198,67200.12091198,13900.00
2024-03-09,0.00,554.72301202,81654.84392400,67754.84392400,13900.00
2024-03-10,0.00,-967.87554080,80686.96838320,66786.96838320,13900.00
2024-03-11,0.00,5638.08563289,86325.05401609,72425.05401609,13900.00
2024-03-12,0.00,-2853.43577425,83471.61824184,69571.61824184,13900.00
2024-03-13,0.00,571.05652457,84042.67476642,70142.67476642,13900.00
2024-03-14,0.00,-3969.87132121,80072.80344521,66172.80344521,13900.00
2024-03-15,0.00,-4429.15348164,75643.64996357,61743.64996357,13900.00
2024-03-16,0.00,-6851.03291211,68792.61705146,54892.61705146,13900.00
2024-03-17,0.00,3681.85047329,72474.46752475,58574.46752475,13900.00
2024-03-18,0.00,-3890.54520840,68583.92231634,54683.92231634,13900.00
2024-03-19,0.00,-4470.61778054,64113.30453581,50213.30453581,13900.00
2024-03-20,0.00,0.00000000,64113.30453581,50213.30453581,13900.00
2024-03-21,0.00,-1864.08908064,62249.21545517,48349.21545517,13900.00
2024-03-22,0.00,-5720.79582938,56528.41962579,42628.41962579,13900.00
2024-03-23,0.00,0.00000000,56528.41962579,42628.41962579,13900.00
2024-03-24,0.00,0.00000000,56528.41962579,42628.41962579,13900.00
2024-03-25,0.00,3953.26876077,60481.68838655,46581.68838655,13900.00
2024-03-26,0.00,-207.79827720,60273.89010935,46373.89010935,13900.00
2024-03-27,0.00,-2887.40001724,57386.49009211,43486.49009211,13900.00
2024-03-28,0.00,1815.14586702,59201.63595913,45301.63595913,13900.00
2024-03-29,0.00,-1817.76340249,57383.87255664,43483.87255664,13900.00
2024-03-30,0.00,-234.76832164,57149.10423500,43249.10423500,13900.00
2024-03-31,0.00,4442.99612373,61592.10035873,47692.10035873,13900.00
2024-04-01,300.00,-4829.26232235,57062.83803638,42862.83803638,14200.00
2024-04-02,0.00,-4671.09830506,52391.73973132,38191.73973132,14200.00
2024-04-03,0.00,0.00000000,52391.73973132,38191.73973132,14200.00
2024-04-04,0.00,0.00000000,52391.73973132,38191.73973132,14200.00
2024-04-05,0.00,0.00000000,52391.73973132,38191.73973132,14200.00
2024-04-06,0.00,0.00000000,52391.73973132,38191.73973132,14200.00
2024-04-07,0.00,0.00000000,52391.73973132,38191.73973132,14200.00
2024-04-08,0.00,2730.02789862,55121.76762994,40921.76762994,14200.00
2024-04-09,0.00,-5624.26206533,49497.50556460,35297.50556460,14200.00
2024-04-10,0.00,1105.19160068,50602.69716528,36402.69716528,14200.00
2024-04-11,0.00,-1309.66766864,49293.02949664,35093.02949664,14200.00
2024-04-12,0.00,-5327.94832001,43965.08117663,29765.08117663,14200.00
2024-04-13,0.00,0.00000000,43965.08117663,29765.08117663,14200.00
2024-04-14,0.00,0.00000000,43965.08117663,29765.08117663,14200.00
2024-04-15,0.00,0.00000000,43965.08117663,29765.08117663,14200.00
2024-04-16,0.00,0.00000000,43965.08117663,29765.08117663,14200.00
2024-04-17,0.00,0.00000000,43965.08117663,29765.08117663,14200.00
2024-04-18,0.00,0.00000000,43965.08117663,29765.08117663,14200.00
2024-04-19,0.00,0.00000000,43965.08117663,29765.08117663,14200.00
2024-04-20,0.00,0.00000000,43965.08117663,29765.08117663,14200.00
2024-04-21,0.00,0.00000000,43965.08117663,29765.08117663,14200.00
2024-04-22,0.00,0.00000000,43965.08117663,29765.08117663,14200.00
2024-04-23,0.00,0.00000000,43965.08117663,29765.08117663,14200.00
2024-04-24,0.00,0.00000000,43965.08117663,29765.08117663,14200.00
2024-04-25,0.00,0.00000000,43965.08117663,29765.08117663,14200.00
2024-04-26,0.00,0.00000000,43965.08117663,29765.08117663,14200.00
2024-04-27,0.00,0.00000000,43965.08117663,29765.08117663,14200.00
2024-04-28,0.00,-1098.22498876,42866.85618787,28666.85618787,14200.00
2024-04-29,0.00,-1740.03660976,41126.81957812,26926.81957812,14200.00
2024-04-30,0.00,0.00000000,41126.81957812,26926.81957812,14200.00
2024-05-01,300.00,0.00000000,41426.81957812,26926.81957812,14500.00
2024-05-02,0.00,0.00000000,41426.81957812,26926.81957812,14500.00
2024-05-03,0.00,0.00000000,41426.81957812,26926.81957812,14500.00
2024-05-04,0.00,0.00000000,41426.81957812,26926.81957812,14500.00
2024-05-05,0.00,0.00000000,41426.81957812,26926.81957812,14500.00
2024-05-06,0.00,0.00000000,41426.81957812,26926.81957812,14500.00
2024-05-07,0.00,0.00000000,41426.81957812,26926.81957812,14500.00
2024-05-08,0.00,0.00000000,41426.81957812,26926.81957812,14500.00
2024-05-09,0.00,0.00000000,41426.81957812,26926.81957812,14500.00
2024-05-10,0.00,0.00000000,41426.81957812,26926.81957812,14500.00
2024-05-11,0.00,0.00000000,41426.81957812,26926.81957812,14500.00
2024-05-12,0.00,0.00000000,41426.81957812,26926.81957812,14500.00
2024-05-13,0.00,0.00000000,41426.81957812,26926.81957812,14500.00
2024-05-14,0.00,0.00000000,41426.81957812,26926.81957812,14500.00
2024-05-15,0.00,0.00000000,41426.81957812,26926.81957812,14500.00
2024-05-16,0.00,0.00000000,41426.81957812,26926.81957812,14500.00
2024-05-17,0.00,-33.46345594,41393.35612218,26893.35612218,14500.00
2024-05-18,0.00,828.54226171,42221.89838389,27721.89838389,14500.00
2024-05-19,0.00,-1417.23893506,40804.65944883,26304.65944883,14500.00
2024-05-20,0.00,16118.69403814,56923.35348696,42423.35348696,14500.00
2024-05-21,0.00,3432.52681044,60355.88029740,45855.88029740,14500.00
2024-05-22,0.00,-1451.66499837,58904.21529903,44404.21529903,14500.00
2024-05-23,0.00,1178.22578032,60082.44107935,45582.44107935,14500.00
2024-05-24,0.00,-1528.14958950,58554.29148985,44054.29148985,14500.00
2024-05-25,0.00,554.13493958,59108.42642943,44608.42642943,14500.00
2024-05-26,0.00,2042.08611808,61150.51254751,46650.51254751,14500.00
2024-05-27,0.00,1828.93992974,62979.45247725,48479.45247725,14500.00
2024-05-28,0.00,-1366.10820916,61613.34426809,47113.34426809,14500.00
2024-05-29,0.00,-2136.49274401,59476.85152408,44976.85152408,14500.00
2024-05-30,0.00,-591.68918459,58885.16233949,44385.16233949,14500.00
2024-05-31,0.00,345.23590244,59230.39824192,44730.39824192,14500.00
2024-06-01,300.00,1399.46415195,60929.86239387,46129.86239387,14800.00
2024-06-02,0.00,-946.33980345,59983.52259043,45183.52259043,14800.00
2024-06-03,0.00,-445.12470415,59538.39788628,44738.39788628,14800.00
2024-06-04,0.00,1161.68889306,60700.08677933,45900.08677933,14800.00
2024-06-05,0.00,1467.05280417,62167.13958351,47367.13958351,14800.00
2024-06-06,0.00,-1491.69686748,60675.44271603,45875.44271603,14800.00
2024-06-07,0.00,-3737.37737606,56938.06533997,42138.06533997,14800.00
2024-06-08,0.00,32.08108126,56970.14642123,42170.14642123,14800.00
2024-06-09,0.00,663.67873744,57633.82515867,42833.82515867,14800.00
2024-06-10,0.00,-1061.60937988,56572.21577879,41772.21577879,14800.00
2024-06-11,0.00,-3732.15393727,52840.06184152,38040.06184152,14800.00
2024-06-12,0.00,0.00000000,52840.06184152,38040.06184152,14800.00
2024-06-13,0.00,0.00000000,52840.06184152,38040.06184152,14800.00
2024-06-14,0.00,0.00000000,52840.06184152,38040.06184152,14800.00
2024-06-15,0.00,0.00000000,52840.06184152,38040.06184152,14800.00
2024-06-16,0.00,690.97277632,53531.03461785,38731.03461785,14800.00
2024-06-17,0.00,-2481.17627494,51049.85834291,36249.85834291,14800.00
2024-06-18,0.00,0.00000000,51049.85834291,36249.85834291,14800.00
2024-06-19,0.00,0.00000000,51049.85834291,36249.85834291,14800.00
2024-06-20,0.00,-2617.17404144,48432.68430146,33632.68430146,14800.00
2024-06-21,0.00,0.00000000,48432.68430146,33632.68430146,14800.00
2024-06-22,0.00,0.00000000,48432.68430146,33632.68430146,14800.00
2024-06-23,0.00,0.00000000,48432.68430146,33632.68430146,14800.00
2024-06-24,0.00,0.00000000,48432.68430146,33632.68430146,14800.00
2024-06-25,0.00,0.00000000,48432.68430146,33632.68430146,14800.00
2024-06-26,0.00,0.00000000,48432.68430146,33632.68430146,14800.00
2024-06-27,0.00,0.00000000,48432.68430146,33632.68430146,14800.00
2024-06-28,0.00,0.00000000,48432.68430146,33632.68430146,14800.00
2024-06-29,0.00,0.00000000,48432.68430146,33632.68430146,14800.00
2024-06-30,0.00,0.00000000,48432.68430146,33632.68430146,14800.00
2024-07-01,300.00,0.00000000,48732.68430146,33632.68430146,15100.00
2024-07-02,0.00,0.00000000,48732.68430146,33632.68430146,15100.00
2024-07-03,0.00,0.00000000,48732.68430146,33632.68430146,15100.00
2024-07-04,0.00,0.00000000,48732.68430146,33632.68430146,15100.00
2024-07-05,0.00,0.00000000,48732.68430146,33632.68430146,15100.00
2024-07-06,0.00,0.00000000,48732.68430146,33632.68430146,15100.00
2024-07-07,0.00,0.00000000,48732.68430146,33632.68430146,15100.00
2024-07-08,0.00,0.00000000,48732.68430146,33632.68430146,15100.00
2024-07-09,0.00,0.00000000,48732.68430146,33632.68430146,15100.00
2024-07-10,0.00,0.00000000,48732.68430146,33632.68430146,15100.00
2024-07-11,0.00,0.00000000,48732.68430146,33632.68430146,15100.00
2024-07-12,0.00,0.00000000,48732.68430146,33632.68430146,15100.00
2024-07-13,0.00,0.00000000,48732.68430146,33632.68430146,15100.00
2024-07-14,0.00,0.00000000,48732.68430146,33632.68430146,15100.00
2024-07-15,0.00,4304.53816537,53037.22246683,37937.22246683,15100.00
2024-07-16,0.00,-1166.88157050,51870.34089633,36770.34089633,15100.00
2024-07-17,0.00,-1702.06283513,50168.27806120,35068.27806120,15100.00
2024-07-18,0.00,1133.61922932,51301.89729051,36201.89729051,15100.00
2024-07-19,0.00,2261.17805016,53563.07534067,38463.07534067,15100.00
2024-07-20,0.00,392.95878054,53956.03412121,38856.03412121,15100.00
2024-07-21,0.00,521.38098236,54477.41510357,39377.41510357,15100.00
2024-07-22,0.00,-2868.02890719,51609.38619638,36509.38619638,15100.00
2024-07-23,0.00,1242.94448319,52852.33067957,37752.33067957,15100.00
2024-07-24,0.00,-4366.35943433,48485.97124524,33385.97124524,15100.00
2024-07-25,0.00,-3661.00064183,44824.97060341,29724.97060341,15100.00
2024-07-26,0.00,0.00000000,44824.97060341,29724.97060341,15100.00
2024-07-27,0.00,0.00000000,44824.97060341,29724.97060341,15100.00
2024-07-28,0.00,0.00000000,44824.97060341,29724.97060341,15100.00
2024-07-29,0.00,-3431.14974040,41393.82086301,26293.82086301,15100.00
2024-07-30,0.00,0.00000000,41393.82086301,26293.82086301,15100.00
2024-07-31,0.00,0.00000000,41393.82086301,26293.82086301,15100.00
2024-08-01,300.00,0.00000000,41693.82086301,26293.82086301,15400.00
2024-08-02,0.00,0.00000000,41693.82086301,26293.82086301,15400.00
2024-08-03,0.00,0.00000000,41693.82086301,26293.82086301,15400.00
2024-08-04,0.00,0.00000000,41693.82086301,26293.82086301,15400.00
2024-08-05,0.00,0.00000000,41693.82086301,26293.82086301,15400.00
2024-08-06,0.00,0.00000000,41693.82086301,26293.82086301,15400.00
2024-08-07,0.00,0.00000000,41693.82086301,26293.82086301,15400.00
2024-08-08,0.00,0.00000000,41693.82086301,26293.82086301,15400.00
2024-08-09,0.00,0.00000000,41693.82086301,26293.82086301,15400.00
2024-08-10,0.00,0.00000000,41693.82086301,26293.82086301,15400.00
2024-08-11,0.00,0.00000000,41693.82086301,26293.82086301,15400.00
2024-08-12,0.00,0.00000000,41693.82086301,26293.82086301,15400.00
2024-08-13,0.00,0.00000000,41693.82086301,26293.82086301,15400.00
2024-08-14,0.00,0.00000000,41693.82086301,26293.82086301,15400.00
2024-08-15,0.00,0.00000000,41693.82086301,26293.82086301,15400.00
2024-08-16,0.00,0.00000000,41693.82086301,26293.82086301,15400.00
2024-08-17,0.00,0.00000000,41693.82086301,26293.82086301,15400.00
2024-08-18,0.00,0.00000000,41693.82086301,26293.82086301,15400.00
2024-08-19,0.00,0.00000000,41693.82086301,26293.82086301,15400.00
2024-08-20,0.00,0.00000000,41693.82086301,26293.82086301,15400.00
2024-08-21,0.00,0.00000000,41693.82086301,26293.82086301,15400.00
2024-08-22,0.00,0.00000000,41693.82086301,26293.82086301,15400.00
2024-08-23,0.00,0.00000000,41693.82086301,26293.82086301,15400.00
2024-08-24,0.00,0.00000000,41693.82086301,26293.82086301,15400.00
2024-08-25,0.00,0.00000000,41693.82086301,26293.82086301,15400.00
2024-08-26,0.00,0.00000000,41693.82086301,26293.82086301,15400.00
2024-08-27,0.00,0.00000000,41693.82086301,26293.82086301,15400.00
2024-08-28,0.00,0.00000000,41693.82086301,26293.82086301,15400.00
2024-08-29,0.00,0.00000000,41693.82086301,26293.82086301,15400.00
2024-08-30,0.00,0.00000000,41693.82086301,26293.82086301,15400.00
2024-08-31,0.00,0.00000000,41693.82086301,26293.82086301,15400.00
2024-09-01,300.00,0.00000000,41993.82086301,26293.82086301,15700.00
2024-09-02,0.00,0.00000000,41993.82086301,26293.82086301,15700.00
2024-09-03,0.00,0.00000000,41993.82086301,26293.82086301,15700.00
2024-09-04,0.00,0.00000000,41993.82086301,26293.82086301,15700.00
2024-09-05,0.00,0.00000000,41993.82086301,26293.82086301,15700.00
2024-09-06,0.00,0.00000000,41993.82086301,26293.82086301,15700.00
2024-09-07,0.00,0.00000000,41993.82086301,26293.82086301,15700.00
2024-09-08,0.00,0.00000000,41993.82086301,26293.82086301,15700.00
2024-09-09,0.00,0.00000000,41993.82086301,26293.82086301,15700.00
2024-09-10,0.00,0.00000000,41993.82086301,26293.82086301,15700.00
2024-09-11,0.00,0.00000000,41993.82086301,26293.82086301,15700.00
2024-09-12,0.00,0.00000000,41993.82086301,26293.82086301,15700.00
2024-09-13,0.00,0.00000000,41993.82086301,26293.82086301,15700.00
2024-09-14,0.00,0.00000000,41993.82086301,26293.82086301,15700.00
2024-09-15,0.00,0.00000000,41993.82086301,26293.82086301,15700.00
2024-09-16,0.00,0.00000000,41993.82086301,26293.82086301,15700.00
2024-09-17,0.00,0.00000000,41993.82086301,26293.82086301,15700.00
2024-09-18,0.00,0.00000000,41993.82086301,26293.82086301,15700.00
2024-09-19,0.00,0.00000000,41993.82086301,26293.82086301,15700.00
2024-09-20,0.00,1285.81271623,43279.63357924,27579.63357924,15700.00
2024-09-21,0.00,1708.52445945,44988.15803869,29288.15803869,15700.00
2024-09-22,0.00,-1078.66075583,43909.49728286,28209.49728286,15700.00
2024-09-23,0.00,2208.66253478,46118.15981764,30418.15981764,15700.00
2024-09-24,0.00,195.89006566,46314.04988329,30614.04988329,15700.00
2024-09-25,0.00,-2476.01027764,43838.03960565,28138.03960565,15700.00
2024-09-26,0.00,1738.38492967,45576.42453532,29876.42453532,15700.00
2024-09-27,0.00,2084.31371131,47660.73824663,31960.73824663,15700.00
2024-09-28,0.00,-683.27850201,46977.45974462,31277.45974462,15700.00
2024-09-29,0.00,-610.63754920,46366.82219542,30666.82219542,15700.00
2024-09-30,0.00,-1870.68074856,44496.14144685,28796.14144685,15700.00
2024-10-01,300.00,-5161.42961666,39634.71183019,23634.71183019,16000.00
2024-10-02,0.00,0.00000000,39634.71183019,23634.71183019,16000.00
2024-10-03,0.00,0.00000000,39634.71183019,23634.71183019,16000.00
2024-10-04,0.00,0.00000000,39634.71183019,23634.71183019,16000.00
2024-10-05,0.00,0.00000000,39634.71183019,23634.71183019,16000.00
2024-10-06,0.00,0.00000000,39634.71183019,23634.71183019,16000.00
2024-10-07,0.00,0.00000000,39634.71183019,23634.71183019,16000.00
2024-10-08,0.00,0.00000000,39634.71183019,23634.71183019,16000.00
2024-10-09,0.00,0.00000000,39634.71183019,23634.71183019,16000.00
2024-10-10,0.00,0.00000000,39634.71183019,23634.71183019,16000.00
2024-10-11,0.00,0.00000000,39634.71183019,23634.71183019,16000.00
2024-10-12,0.00,0.00000000,39634.71183019,23634.71183019,16000.00
2024-10-13,0.00,0.00000000,39634.71183019,23634.71183019,16000.00
2024-10-14,0.00,3038.16771772,42672.87954792,26672.87954792,16000.00
2024-10-15,0.00,-733.27378050,41939.60576742,25939.60576742,16000.00
2024-10-16,0.00,97.57494580,42037.18071322,26037.18071322,16000.00
2024-10-17,0.00,-195.48904990,41841.69166332,25841.69166332,16000.00
2024-10-18,0.00,1119.32462250,42961.01628582,26961.01628582,16000.00
2024-10-19,0.00,175.85267510,43136.86896092,27136.86896092,16000.00
2024-10-20,0.00,3129.74521610,46266.61417702,30266.61417702,16000.00
2024-10-21,0.00,-2572.93011960,43693.68405742,27693.68405742,16000.00
2024-10-22,0.00,-1446.90538510,42246.77867232,26246.77867232,16000.00
2024-10-23,0.00,-4242.39270761,38004.38596471,22004.38596471,16000.00
2024-10-24,0.00,0.00000000,38004.38596471,22004.38596471,16000.00
2024-10-25,0.00,0.00000000,38004.38596471,22004.38596471,16000.00
2024-10-26,0.00,0.00000000,38004.38596471,22004.38596471,16000.00
2024-10-27,0.00,0.00000000,38004.38596471,22004.38596471,16000.00
2024-10-28,0.00,0.00000000,38004.38596471,22004.38596471,16000.00
2024-10-29,0.00,1632.37631903,39636.76228373,23636.76228373,16000.00
2024-10-30,0.00,574.37413830,40211.13642203,24211.13642203,16000.00
2024-10-31,0.00,-4223.53471491,35987.60170712,19987.60170712,16000.00
2024-11-01,300.00,-60.01029162,36227.59141550,19927.59141550,16300.00
2024-11-02,0.00,0.00000000,36227.59141550,19927.59141550,16300.00
2024-11-03,0.00,0.00000000,36227.59141550,19927.59141550,16300.00
2024-11-04,0.00,0.00000000,36227.59141550,19927.59141550,16300.00
2024-11-05,0.00,0.00000000,36227.59141550,19927.59141550,16300.00
2024-11-06,0.00,3532.76938732,39760.36080282,23460.36080282,16300.00
2024-11-07,0.00,4868.99838194,44629.35918477,28329.35918477,16300.00
2024-11-08,0.00,1850.61658446,46479.97576923,30179.97576923,16300.00
2024-11-09,0.00,4634.82727902,51114.80304825,34814.80304825,16300.00
2024-11-10,0.00,1601.51351956,52716.31656781,36416.31656781,16300.00
2024-11-11,0.00,5305.97218464,58022.28875245,41722.28875245,16300.00
2024-11-12,0.00,-3760.87172620,54261.41702625,37961.41702625,16300.00
2024-11-13,0.00,-1667.62581786,52593.79120839,36293.79120839,16300.00
2024-11-14,0.00,-3640.94138076,48952.84982763,32652.84982763,16300.00
2024-11-15,0.00,836.97210842,49789.82193605,33489.82193605,16300.00
2024-11-16,0.00,1179.54968958,50969.37162562,34669.37162562,16300.00
2024-11-17,0.00,-1635.27385788,49334.09776774,33034.09776774,16300.00
2024-11-18,0.00,3678.46457970,53012.56234744,36712.56234744,16300.00
2024-11-19,0.00,-2927.12734285,50085.43500459,33785.43500459,16300.00
2024-11-20,0.00,-1126.54002979,48958.89497480,32658.89497480,16300.00
2024-11-21,0.00,8084.85686577,57043.75184057,40743.75184057,16300.00
2024-11-22,0.00,-882.68646192,56161.06537865,39861.06537865,16300.00
2024-11-23,0.00,1791.87205519,57952.93743384,41652.93743384,16300.00
2024-11-24,0.00,-1016.75943741,56936.17799643,40636.17799643,16300.00
2024-11-25,0.00,1453.29215723,58389.47015366,42089.47015366,16300.00
2024-11-26,0.00,-2588.70614279,55800.76401087,39500.76401087,16300.00
2024-11-27,0.00,9233.52537151,65034.28938237,48734.28938237,16300.00
2024-11-28,0.00,-2142.93921017,62891.35017220,46591.35017220,16300.00
2024-11-29,0.00,329.38797852,63220.73815072,46920.73815072,16300.00
2024-11-30,0.00,3087.17478667,66307.91293739,50007.91293739,16300.00
2024-12-01,300.00,113.02273347,66720.93567086,50120.93567086,16600.00
2024-12-02,0.00,-1934.09477887,64786.84089200,48186.84089200,16600.00
2024-12-03,0.00,-909.16744971,63877.67344229,47277.67344229,16600.00
2024-12-04,0.00,6270.96664212,70148.64008442,53548.64008442,16600.00
2024-12-05,0.00,-1624.05439387,68524.58569054,51924.58569054,16600.00
2024-12-06,0.00,5986.89385330,74511.47954384,57911.47954384,16600.00
2024-12-07,0.00,-143.53744841,74367.94209543,57767.94209543,16600.00
2024-12-08,0.00,140.73587115,74508.67796658,57908.67796658,16600.00
2024-12-09,0.00,-8378.18449459,66130.49347199,49530.49347199,16600.00
2024-12-10,0.00,-2409.20789868,63721.28557331,47121.28557331,16600.00
2024-12-11,0.00,5678.37412542,69399.65969873,52799.65969873,16600.00
2024-12-12,0.00,1382.21940582,70781.87910455,54181.87910455,16600.00
2024-12-13,0.00,675.83846520,71457.71756975,54857.71756975,16600.00
2024-12-14,0.00,-1078.72119234,70378.99637741,53778.99637741,16600.00
2024-12-15,0.00,2508.43270895,72887.42908636,56287.42908636,16600.00
2024-12-16,0.00,710.05461995,73597.48370631,56997.48370631,16600.00
2024-12-17,0.00,-2688.69943998,70908.78426633,54308.78426633,16600.00
2024-12-18,0.00,-7531.12774726,63377.65651907,46777.65651907,16600.00
2024-12-19,0.00,-4236.93527050,59140.72124857,42540.72124857,16600.00
2024-12-20,0.00,0.00000000,59140.72124857,42540.72124857,16600.00
2024-12-21,0.00,0.00000000,59140.72124857,42540.72124857,16600.00
2024-12-22,0.00,0.00000000,59140.72124857,42540.72124857,16600.00
2024-12-23,0.00,0.00000000,59140.72124857,42540.72124857,16600.00
2024-12-24,0.00,0.00000000,59140.72124857,42540.72124857,16600.00
2024-12-25,0.00,0.00000000,59140.72124857,42540.72124857,16600.00
2024-12-26,0.00,0.00000000,59140.72124857,42540.72124857,16600.00
2024-12-27,0.00,0.00000000,59140.72124857,42540.72124857,16600.00
2024-12-28,0.00,0.00000000,59140.72124857,42540.72124857,16600.00
2024-12-29,0.00,0.00000000,59140.72124857,42540.72124857,16600.00
2024-12-30,0.00,0.00000000,59140.72124857,42540.72124857,16600.00
2024-12-31,0.00,0.00000000,59140.72124857,42540.72124857,16600.00
2025-01-01,300.00,0.00000000,59440.72124857,42540.72124857,16900.00
2025-01-02,0.00,0.00000000,59440.72124857,42540.72124857,16900.00
2025-01-03,0.00,728.38574883,60169.10699740,43269.10699740,16900.00
2025-01-04,0.00,1578.90678438,61748.01378178,44848.01378178,16900.00
2025-01-05,0.00,-742.83929840,61005.17448338,44105.17448338,16900.00
2025-01-06,0.00,1667.59173228,62672.76621566,45772.76621566,16900.00
2025-01-07,0.00,-10235.52206880,52437.24414686,35537.24414686,16900.00
2025-01-08,0.00,0.00000000,52437.24414686,35537.24414686,16900.00
2025-01-09,0.00,0.00000000,52437.24414686,35537.24414686,16900.00
2025-01-10,0.00,0.00000000,52437.24414686,35537.24414686,16900.00
2025-01-11,0.00,0.00000000,52437.24414686,35537.24414686,16900.00
2025-01-12,0.00,0.00000000,52437.24414686,35537.24414686,16900.00
2025-01-13,0.00,0.00000000,52437.24414686,35537.24414686,16900.00
2025-01-14,0.00,0.00000000,52437.24414686,35537.24414686,16900.00
2025-01-15,0.00,0.00000000,52437.24414686,35537.24414686,16900.00
2025-01-16,0.00,0.00000000,52437.24414686,35537.24414686,16900.00
2025-01-17,0.00,1031.85133133,53469.09547818,36569.09547818,16900.00
2025-01-18,0.00,-5013.31824199,48455.77723620,31555.77723620,16900.00
2025-01-19,0.00,0.00000000,48455.77723620,31555.77723620,16900.00
2025-01-20,0.00,0.00000000,48455.77723620,31555.77723620,16900.00
2025-01-21,0.00,0.00000000,48455.77723620,31555.77723620,16900.00
2025-01-22,0.00,0.00000000,48455.77723620,31555.77723620,16900.00
2025-01-23,0.00,0.00000000,48455.77723620,31555.77723620,16900.00
2025-01-24,0.00,-2302.45189007,46153.32534613,29253.32534613,16900.00
2025-01-25,0.00,0.00000000,46153.32534613,29253.32534613,16900.00
2025-01-26,0.00,0.00000000,46153.32534613,29253.32534613,16900.00
2025-01-27,0.00,0.00000000,46153.32534613,29253.32534613,16900.00
2025-01-28,0.00,0.00000000,46153.32534613,29253.32534613,16900.00
2025-01-29,0.00,0.00000000,46153.32534613,29253.32534613,16900.00
2025-01-30,0.00,0.00000000,46153.32534613,29253.32534613,16900.00
2025-01-31,0.00,-3520.79396596,42632.53138016,25732.53138016,16900.00
2025-02-01,300.00,-301.64979759,42630.88158258,25430.88158258,17200.00
2025-02-02,0.00,0.00000000,42630.88158258,25430.88158258,17200.00
2025-02-03,0.00,0.00000000,42630.88158258,25430.88158258,17200.00
2025-02-04,0.00,0.00000000,42630.88158258,25430.88158258,17200.00
2025-02-05,0.00,0.00000000,42630.88158258,25430.88158258,17200.00
2025-02-06,0.00,0.00000000,42630.88158258,25430.88158258,17200.00
2025-02-07,0.00,0.00000000,42630.88158258,25430.88158258,17200.00
2025-02-08,0.00,0.00000000,42630.88158258,25430.88158258,17200.00
2025-02-09,0.00,0.00000000,42630.88158258,25430.88158258,17200.00
2025-02-10,0.00,0.00000000,42630.88158258,25430.88158258,17200.00
2025-02-11,0.00,0.00000000,42630.88158258,25430.88158258,17200.00
2025-02-12,0.00,0.00000000,42630.88158258,25430.88158258,17200.00
2025-02-13,0.00,0.00000000,42630.88158258,25430.88158258,17200.00
2025-02-14,0.00,0.00000000,42630.88158258,25430.88158258,17200.00
2025-02-15,0.00,0.00000000,42630.88158258,25430.88158258,17200.00
2025-02-16,0.00,0.00000000,42630.88158258,25430.88158258,17200.00
2025-02-17,0.00,0.00000000,42630.88158258,25430.88158258,17200.00
2025-02-18,0.00,0.00000000,42630.88158258,25430.88158258,17200.00
2025-02-19,0.00,0.00000000,42630.88158258,25430.88158258,17200.00
2025-02-20,0.00,0.00000000,42630.88158258,25430.88158258,17200.00
2025-02-21,0.00,0.00000000,42630.88158258,25430.88158258,17200.00
2025-02-22,0.00,0.00000000,42630.88158258,25430.88158258,17200.00
2025-02-23,0.00,0.00000000,42630.88158258,25430.88158258,17200.00
2025-02-24,0.00,0.00000000,42630.88158258,25430.88158258,17200.00
2025-02-25,0.00,0.00000000,42630.88158258,25430.88158258,17200.00
2025-02-26,0.00,0.00000000,42630.88158258,25430.88158258,17200.00
2025-02-27,0.00,0.00000000,42630.88158258,25430.88158258,17200.00
2025-02-28,0.00,0.00000000,42630.88158258,25430.88158258,17200.00
2025-03-01,300.00,0.00000000,42930.88158258,25430.88158258,17500.00
2025-03-02,0.00,0.00000000,42930.88158258,25430.88158258,17500.00
2025-03-03,0.00,0.00000000,42930.88158258,25430.88158258,17500.00
2025-03-04,0.00,0.00000000,42930.88158258,25430.88158258,17500.00
2025-03-05,0.00,0.00000000,42930.88158258,25430.88158258,17500.00
2025-03-06,0.00,0.00000000,42930.88158258,25430.88158258,17500.00
2025-03-07,0.00,0.00000000,42930.88158258,25430.88158258,17500.00
2025-03-08,0.00,0.00000000,42930.88158258,25430.88158258,17500.00
2025-03-09,0.00,0.00000000,42930.88158258,25430.88158258,17500.00
2025-03-10,0.00,0.00000000,42930.88158258,25430.88158258,17500.00
2025-03-11,0.00,0.00000000,42930.88158258,25430.88158258,17500.00
2025-03-12,0.00,0.00000000,42930.88158258,25430.88158258,17500.00
2025-03-13,0.00,0.00000000,42930.88158258,25430.88158258,17500.00
2025-03-14,0.00,0.00000000,42930.88158258,25430.88158258,17500.00
2025-03-15,0.00,0.00000000,42930.88158258,25430.88158258,17500.00
2025-03-16,0.00,0.00000000,42930.88158258,25430.88158258,17500.00
2025-03-17,0.00,0.00000000,42930.88158258,25430.88158258,17500.00
2025-03-18,0.00,0.00000000,42930.88158258,25430.88158258,17500.00
2025-03-19,0.00,0.00000000,42930.88158258,25430.88158258,17500.00
2025-03-20,0.00,0.00000000,42930.88158258,25430.88158258,17500.00
2025-03-21,0.00,0.00000000,42930.88158258,25430.88158258,17500.00
2025-03-22,0.00,0.00000000,42930.88158258,25430.88158258,17500.00
2025-03-23,0.00,0.00000000,42930.88158258,25430.88158258,17500.00
2025-03-24,0.00,0.00000000,42930.88158258,25430.88158258,17500.00
2025-03-25,0.00,0.00000000,42930.88158258,25430.88158258,17500.00
2025-03-26,0.00,0.00000000,42930.88158258,25430.88158258,17500.00
2025-03-27,0.00,0.00000000,42930.88158258,25430.88158258,17500.00
2025-03-28,0.00,0.00000000,42930.88158258,25430.88158258,17500.00
2025-03-29,0.00,0.00000000,42930.88158258,25430.88158258,17500.00
2025-03-30,0.00,0.00000000,42930.88158258,25430.88158258,17500.00
2025-03-31,0.00,0.00000000,42930.88158258,25430.88158258,17500.00
2025-04-01,300.00,0.00000000,43230.88158258,25430.88158258,17800.00
2025-04-02,0.00,0.00000000,43230.88158258,25430.88158258,17800.00
2025-04-03,0.00,0.00000000,43230.88158258,25430.88158258,17800.00
2025-04-04,0.00,0.00000000,43230.88158258,25430.88158258,17800.00
2025-04-05,0.00,0.00000000,43230.88158258,25430.88158258,17800.00
2025-04-06,0.00,0.00000000,43230.88158258,25430.88158258,17800.00
2025-04-07,0.00,0.00000000,43230.88158258,25430.88158258,17800.00
2025-04-08,0.00,0.00000000,43230.88158258,25430.88158258,17800.00
2025-04-09,0.00,0.00000000,43230.88158258,25430.88158258,17800.00
2025-04-10,0.00,0.00000000,43230.88158258,25430.88158258,17800.00
2025-04-11,0.00,0.00000000,43230.88158258,25430.88158258,17800.00
2025-04-12,0.00,0.00000000,43230.88158258,25430.88158258,17800.00
2025-04-13,0.00,0.00000000,43230.88158258,25430.88158258,17800.00
2025-04-14,0.00,0.00000000,43230.88158258,25430.88158258,17800.00
2025-04-15,0.00,0.00000000,43230.88158258,25430.88158258,17800.00
2025-04-16,0.00,0.00000000,43230.88158258,25430.88158258,17800.00
2025-04-17,0.00,0.00000000,43230.88158258,25430.88158258,17800.00
2025-04-18,0.00,0.00000000,43230.88158258,25430.88158258,17800.00
2025-04-19,0.00,0.00000000,43230.88158258,25430.88158258,17800.00
2025-04-20,0.00,0.00000000,43230.88158258,25430.88158258,17800.00
2025-04-21,0.00,0.00000000,43230.88158258,25430.88158258,17800.00
2025-04-22,0.00,0.00000000,43230.88158258,25430.88158258,17800.00
2025-04-23,0.00,75.45368615,43306.33526873,25506.33526873,17800.00
2025-04-24,0.00,-1269.25053940,42037.08472933,24237.08472933,17800.00
2025-04-25,0.00,720.37247149,42757.45720082,24957.45720082,17800.00
2025-04-26,0.00,1771.47126311,44528.92846392,26728.92846392,17800.00
2025-04-27,0.00,-1451.24108497,43077.68737896,25277.68737896,17800.00
2025-04-28,0.00,451.73233730,43529.41971626,25729.41971626,17800.00
2025-04-29,0.00,-140.67228517,43388.74743109,25588.74743109,17800.00
2025-04-30,0.00,-177.69240338,43211.05502771,25411.05502771,17800.00
2025-05-01,300.00,2163.90325590,45674.95828361,27574.95828361,18100.00
2025-05-02,0.00,203.10664849,45878.06493210,27778.06493210,18100.00
2025-05-03,0.00,-431.29530869,45446.76962341,27346.76962341,18100.00
2025-05-04,0.00,-1212.44143220,44234.32819120,26134.32819120,18100.00
2025-05-05,0.00,561.82921808,44796.15740928,26696.15740928,18100.00
2025-05-06,0.00,-158.25179032,44637.90561896,26537.90561896,18100.00
2025-05-07,0.00,-307.07155121,44330.83406774,26230.83406774,18100.00
2025-05-08,0.00,19345.91459020,63676.74865794,45576.74865794,18100.00
2025-05-09,0.00,6697.38292006,70374.13157800,52274.13157800,18100.00
2025-05-10,0.00,11575.97061353,81950.10219153,63850.10219153,18100.00
2025-05-11,0.00,-3367.93215268,78582.17003885,60482.17003885,18100.00
2025-05-12,0.00,-972.10010186,77610.06993699,59510.06993699,18100.00
2025-05-13,0.00,8979.10294967,86589.17288666,68489.17288666,18100.00
2025-05-14,0.00,-3439.03402529,83150.13886137,65050.13886137,18100.00
2025-05-15,0.00,-3012.21258037,80137.92628100,62037.92628100,18100.00
2025-05-16,0.00,-618.08579135,79519.84048964,61419.84048964,18100.00
2025-05-17,0.00,-3014.92667288,76504.91381676,58404.91381676,18100.00
2025-05-18,0.00,1105.73863742,77610.65245418,59510.65245418,18100.00
2025-05-19,0.00,1447.70720126,79058.35965544,60958.35965544,18100.00
2025-05-20,0.00,-204.42587204,78853.93378339,60753.93378339,18100.00
2025-05-21,0.00,1310.56158103,80164.49536442,62064.49536442,18100.00
2025-05-22,0.00,5516.34806522,85680.84342964,67580.84342964,18100.00
2025-05-23,0.00,-6783.87884453,78896.96458511,60796.96458511,18100.00
2025-05-24,0.00,169.58291509,79066.54750020,60966.54750020,18100.00
2025-05-25,0.00,991.88934176,80058.43684196,61958.43684196,18100.00
2025-05-26,0.00,589.33743605,80647.77427801,62547.77427801,18100.00
2025-05-27,0.00,4728.64114055,85376.41541856,67276.41541856,18100.00
2025-05-28,0.00,965.85768846,86342.27310702,68242.27310702,18100.00
2025-05-29,0.00,-2485.06450706,83857.20859996,65757.20859996,18100.00
2025-05-30,0.00,-4948.36618076,78908.84241921,60808.84241921,18100.00
2025-05-31,0.00,-142.09070232,78766.75171689,60666.75171689,18100.00
2025-06-01,300.00,509.90401043,79576.65572732,61176.65572732,18400.00
2025-06-02,0.00,3332.08457478,82908.74030210,64508.74030210,18400.00
2025-06-03,0.00,-718.47936259,82190.26093951,63790.26093951,18400.00
2025-06-04,0.00,680.88330833,82871.14424784,64471.14424784,18400.00
2025-06-05,0.00,-9487.07403326,73384.07021458,54984.07021458,18400.00
2025-06-06,0.00,3047.66641629,76431.73663087,58031.73663087,18400.00
2025-06-07,0.00,2320.78777831,78752.52440918,60352.52440918,18400.00
2025-06-08,0.00,-766.59756214,77985.92684705,59585.92684705,18400.00
2025-06-09,0.00,8329.51468035,86315.44152740,67915.44152740,18400.00
2025-06-10,0.00,6635.73699096,92951.17851836,74551.17851836,18400.00
2025-06-11,0.00,-2259.63135160,90691.54716676,72291.54716676,18400.00
2025-06-12,0.00,-6329.62376841,84361.92339835,65961.92339835,18400.00
2025-06-13,0.00,-3091.85534896,81270.06804939,62870.06804939,18400.00
2025-06-14,0.00,-2375.02126007,78895.04678933,60495.04678933,18400.00
2025-06-15,0.00,792.49077057,79687.53755989,61287.53755989,18400.00
2025-06-16,0.00,-178.76392084,79508.77363905,61108.77363905,18400.00
2025-06-17,0.00,-2419.57907393,77089.19456512,58689.19456512,18400.00
2025-06-18,0.00,-2585.27772527,74503.91683985,56103.91683985,18400.00
2025-06-19,0.00,-1927.17782012,72576.73901973,54176.73901973,18400.00
2025-06-20,0.00,-4292.74139970,68283.99762002,49883.99762002,18400.00
2025-06-21,0.00,0.00000000,68283.99762002,49883.99762002,18400.00
2025-06-22,0.00,0.00000000,68283.99762002,49883.99762002,18400.00
2025-06-23,0.00,0.00000000,68283.99762002,49883.99762002,18400.00
2025-06-24,0.00,0.00000000,68283.99762002,49883.99762002,18400.00
2025-06-25,0.00,0.00000000,68283.99762002,49883.99762002,18400.00
2025-06-26,0.00,0.00000000,68283.99762002,49883.99762002,18400.00
2025-06-27,0.00,0.00000000,68283.99762002,49883.99762002,18400.00
2025-06-28,0.00,0.00000000,68283.99762002,49883.99762002,18400.00
2025-06-29,0.00,0.00000000,68283.99762002,49883.99762002,18400.00
2025-06-30,0.00,-4384.43015504,63899.56746498,45499.56746498,18400.00
2025-07-01,300.00,-1641.14649773,62558.42096725,43858.42096725,18700.00
2025-07-02,0.00,385.76201515,62944.18298239,44244.18298239,18700.00
2025-07-03,0.00,998.04868451,63942.23166690,45242.23166690,18700.00
2025-07-04,0.00,-4134.70384526,59807.52782164,41107.52782164,18700.00
2025-07-05,0.00,401.50179835,60209.02961999,41509.02961999,18700.00
2025-07-06,0.00,2642.56691750,62851.59653749,44151.59653749,18700.00
2025-07-07,0.00,-1395.46888601,61456.12765148,42756.12765148,18700.00
2025-07-08,0.00,3570.26129010,65026.38894158,46326.38894158,18700.00
2025-07-09,0.00,7581.66048881,72608.04943039,53908.04943039,18700.00
2025-07-10,0.00,9027.12079672,81635.17022711,62935.17022711,18700.00
2025-07-11,0.00,268.28144958,81903.45167669,63203.45167669,18700.00
2025-07-12,0.00,-776.82993833,81126.62173835,62426.62173835,18700.00
2025-07-13,0.00,1386.73663212,82513.35837047,63813.35837047,18700.00
2025-07-14,0.00,2040.87944330,84554.23781377,65854.23781377,18700.00
2025-07-15,0.00,6162.66059131,90716.89840507,72016.89840507,18700.00
2025-07-16,0.00,11475.84490374,102192.74330881,83492.74330881,18700.00
2025-07-17,0.00,5198.11481541,107390.85812422,88690.85812422,18700.00
2025-07-18,0.00,3395.87571891,110786.73384313,92086.73384313,18700.00
2025-07-19,0.00,2170.90061778,112957.63446091,94257.63446091,18700.00
2025-07-20,0.00,8076.25413624,121033.88859715,102333.88859715,18700.00
2025-07-21,0.00,205.54028109,121239.42887824,102539.42887824,18700.00
2025-07-22,0.00,-794.76092811,120444.66795013,101744.66795013,18700.00
2025-07-23,0.00,-5917.90732248,114526.76062765,95826.76062765,18700.00
2025-07-24,0.00,3839.62438923,118366.38501688,99666.38501688,18700.00
2025-07-25,0.00,834.71319693,119201.09821381,100501.09821381,18700.00
2025-07-26,0.00,727.70498622,119928.80320003,101228.80320003,18700.00
2025-07-27,0.00,6451.14339704,126379.94659707,107679.94659707,18700.00
2025-07-28,0.00,-3790.73556279,122589.21103428,103889.21103428,18700.00
2025-07-29,0.00,-266.35636364,122322.85467064,103622.85467064,18700.00
2025-07-30,0.00,829.78968570,123152.64435634,104452.64435634,18700.00
2025-07-31,0.00,-5571.71426525,117580.93009109,98880.93009109,18700.00
2025-08-01,300.00,-10400.45673010,107480.47336099,88480.47336099,19000.00
2025-08-02,0.00,-4674.94163595,102805.53172504,83805.53172504,19000.00
2025-08-03,0.00,5047.02886486,107852.56058990,88852.56058990,19000.00
2025-08-04,0.00,11090.61613151,118943.17672141,99943.17672141,19000.00
2025-08-05,0.00,-5411.86453794,113531.31218347,94531.31218347,19000.00
2025-08-06,0.00,3482.97336234,117014.28554580,98014.28554580,19000.00
2025-08-07,0.00,11200.93151602,128215.21706182,109215.21706182,19000.00
2025-08-08,0.00,4931.99649897,133147.21356079,114147.21356079,19000.00
2025-08-09,0.00,12308.69862231,145455.91218310,126455.91218310,19000.00
2025-08-10,0.00,-573.47505580,144882.43712730,125882.43712730,19000.00
2025-08-11,0.00,-1418.28368896,143464.15343834,124464.15343834,19000.00
2025-08-12,0.00,18153.85854208,161618.01198042,142618.01198042,19000.00
2025-08-13,0.00,7800.04180467,169418.05378509,150418.05378509,19000.00
2025-08-14,0.00,-10117.67840712,159300.37537797,140300.37537797,19000.00
2025-08-15,0.00,-5406.78825925,153893.58711872,134893.58711872,19000.00
2025-08-16,0.00,-875.18987904,153018.39723968,134018.39723968,19000.00
2025-08-17,0.00,2474.50117704,155492.89841672,136492.89841672,19000.00
2025-08-18,0.00,-7902.26084220,147590.63757452,128590.63757452,19000.00
2025-08-19,0.00,-11826.46966302,135764.16791150,116764.16791150,19000.00
2025-08-20,0.00,12850.00634447,148614.17425596,129614.17425596,19000.00
2025-08-21,0.00,-5512.71717815,143101.45707781,124101.45707781,19000.00
2025-08-22,0.00,29970.66402795,173072.12110576,154072.12110576,19000.00
2025-08-23,0.00,-2698.05615333,170374.06495243,151374.06495243,19000.00
2025-08-24,0.00,-18.45819693,170355.60675550,151355.60675550,19000.00
2025-08-25,0.00,-20015.32082568,150340.28592982,131340.28592982,19000.00
2025-08-26,0.00,11090.08769822,161430.37362804,142430.37362804,19000.00
2025-08-27,0.00,-4644.94265567,156785.43097237,137785.43097237,19000.00
2025-08-28,0.00,186.59712494,156972.02809731,137972.02809731,19000.00
2025-08-29,0.00,-7460.59901550,149511.42908182,130511.42908182,19000.00
2025-08-30,0.00,645.08392010,150156.51300191,131156.51300191,19000.00
2025-08-31,0.00,863.04883616,151019.56183807,132019.56183807,19000.00
2025-09-01,300.00,-3781.21613916,147538.34569891,128238.34569891,19300.00
2025-09-02,0.00,554.13134854,148092.47704744,128792.47704744,19300.00
2025-09-03,0.00,6105.30644257,154197.78349001,134897.78349001,19300.00
2025-09-04,0.00,-7541.51207446,146656.27141555,127356.27141555,19300.00
2025-09-05,0.00,509.43638950,147165.70780505,127865.70780505,19300.00
2025-09-06,0.00,-2720.38167377,144445.32613128,125145.32613128,19300.00
2025-09-07,0.00,179.91063824,144625.23676951,125325.23676951,19300.00
2025-09-08,0.00,-30.98350638,144594.25326314,125294.25326314,19300.00
2025-09-09,0.00,237.92443185,144832.17769498,125532.17769498,19300.00
2025-09-10,0.00,2608.83899447,147441.01668945,128141.01668945,19300.00
2025-09-11,0.00,7358.72110441,154799.73779386,135499.73779386,19300.00
2025-09-12,0.00,17203.71200662,172003.44980048,152703.44980048,19300.00
2025-09-13,0.00,-3231.11638706,168772.33341341,149472.33341341,19300.00
2025-09-14,0.00,-4313.60053497,164458.73287845,145158.73287845,19300.00
2025-09-15,0.00,-5529.10946141,158929.62341704,139629.62341704,19300.00
2025-09-16,0.00,-1539.77217123,157389.85124581,138089.85124581,19300.00
2025-09-17,0.00,6010.65739747,163400.50864328,144100.50864328,19300.00
2025-09-18,0.00,-239.03713976,163161.47150352,143861.47150352,19300.00
2025-09-19,0.00,-8086.48830074,155074.98320278,135774.98320278,19300.00
2025-09-20,0.00,803.78400100,155878.76720378,136578.76720378,19300.00
2025-09-21,0.00,-2415.83067261,153462.93653117,134162.93653117,19300.00
2025-09-22,0.00,-10879.50479020,142583.43174097,123283.43174097,19300.00
2025-09-23,0.00,0.00000000,142583.43174097,123283.43174097,19300.00
2025-09-24,0.00,0.00000000,142583.43174097,123283.43174097,19300.00
2025-09-25,0.00,0.00000000,142583.43174097,123283.43174097,19300.00
2025-09-26,0.00,0.00000000,142583.43174097,123283.43174097,19300.00
2025-09-27,0.00,0.00000000,142583.43174097,123283.43174097,19300.00
2025-09-28,0.00,0.00000000,142583.43174097,123283.43174097,19300.00
2025-09-29,0.00,0.00000000,142583.43174097,123283.43174097,19300.00
2025-09-30,0.00,0.00000000,142583.43174097,123283.43174097,19300.00
2025-10-01,300.00,1350.69452473,144234.12626571,124634.12626571,19600.00
2025-10-02,0.00,9066.79989002,153300.92615573,133700.92615573,19600.00
2025-10-03,0.00,1923.53374306,155224.45989879,135624.45989879,19600.00
2025-10-04,0.00,-1794.63498612,153429.82491267,133829.82491267,19600.00
2025-10-05,0.00,1766.10643844,155195.93135111,135595.93135111,19600.00
2025-10-06,0.00,11297.00424433,166492.93559544,146892.93559544,19600.00
2025-10-07,0.00,-15930.77149552,150562.16409992,130962.16409992,19600.00
2025-10-08,0.00,5188.22979364,155750.39389356,136150.39389356,19600.00
2025-10-09,0.00,-16839.33971368,138911.05417989,119311.05417989,19600.00
2025-10-10,0.00,0.00000000,138911.05417989,119311.05417989,19600.00
2025-10-11,0.00,0.00000000,138911.05417989,119311.05417989,19600.00
2025-10-12,0.00,0.00000000,138911.05417989,119311.05417989,19600.00
2025-10-13,0.00,0.00000000,138911.05417989,119311.05417989,19600.00
2025-10-14,0.00,0.00000000,138911.05417989,119311.05417989,19600.00
2025-10-15,0.00,0.00000000,138911.05417989,119311.05417989,19600.00
2025-10-16,0.00,0.00000000,138911.05417989,119311.05417989,19600.00
2025-10-17,0.00,0.00000000,138911.05417989,119311.05417989,19600.00
2025-10-18,0.00,0.00000000,138911.05417989,119311.05417989,19600.00
2025-10-19,0.00,0.00000000,138911.05417989,119311.05417989,19600.00
2025-10-20,0.00,0.00000000,138911.05417989,119311.05417989,19600.00
2025-10-21,0.00,0.00000000,138911.05417989,119311.05417989,19600.00
2025-10-22,0.00,0.00000000,138911.05417989,119311.05417989,19600.00
2025-10-23,0.00,0.00000000,138911.05417989,119311.05417989,19600.00
2025-10-24,0.00,0.00000000,138911.05417989,119311.05417989,19600.00
2025-10-25,0.00,0.00000000,138911.05417989,119311.05417989,19600.00
2025-10-26,0.00,0.00000000,138911.05417989,119311.05417989,19600.00
2025-10-27,0.00,-3631.70556520,135279.34861469,115679.34861469,19600.00
2025-10-28,0.00,-9760.05083227,125519.29778242,105919.29778242,19600.00
2025-10-29,0.00,0.00000000,125519.29778242,105919.29778242,19600.00
2025-10-30,0.00,0.00000000,125519.29778242,105919.29778242,19600.00
2025-10-31,0.00,0.00000000,125519.29778242,105919.29778242,19600.00
2025-11-01,300.00,0.00000000,125819.29778242,105919.29778242,19900.00
2025-11-02,0.00,0.00000000,125819.29778242,105919.29778242,19900.00
2025-11-03,0.00,0.00000000,125819.29778242,105919.29778242,19900.00
2025-11-04,0.00,0.00000000,125819.29778242,105919.29778242,19900.00
2025-11-05,0.00,0.00000000,125819.29778242,105919.29778242,19900.00
2025-11-06,0.00,0.00000000,125819.29778242,105919.29778242,19900.00
2025-11-07,0.00,0.00000000,125819.29778242,105919.29778242,19900.00
2025-11-08,0.00,0.00000000,125819.29778242,105919.29778242,19900.00
2025-11-09,0.00,0.00000000,125819.29778242,105919.29778242,19900.00
2025-11-10,0.00,0.00000000,125819.29778242,105919.29778242,19900.00
2025-11-11,0.00,0.00000000,125819.29778242,105919.29778242,19900.00
2025-11-12,0.00,0.00000000,125819.29778242,105919.29778242,19900.00
2025-11-13,0.00,0.00000000,125819.29778242,105919.29778242,19900.00
2025-11-14,0.00,0.00000000,125819.29778242,105919.29778242,19900.00
2025-11-15,0.00,0.00000000,125819.29778242,105919.29778242,19900.00
2025-11-16,0.00,0.00000000,125819.29778242,105919.29778242,19900.00
2025-11-17,0.00,0.00000000,125819.29778242,105919.29778242,19900.00
2025-11-18,0.00,0.00000000,125819.29778242,105919.29778242,19900.00
2025-11-19,0.00,0.00000000,125819.29778242,105919.29778242,19900.00
2025-11-20,0.00,0.00000000,125819.29778242,105919.29778242,19900.00
2025-11-21,0.00,0.00000000,125819.29778242,105919.29778242,19900.00
2025-11-22,0.00,0.00000000,125819.29778242,105919.29778242,19900.00
2025-11-23,0.00,0.00000000,125819.29778242,105919.29778242,19900.00
2025-11-24,0.00,0.00000000,125819.29778242,105919.29778242,19900.00
2025-11-25,0.00,0.00000000,125819.29778242,105919.29778242,19900.00
2025-11-26,0.00,0.00000000,125819.29778242,105919.29778242,19900.00
2025-11-27,0.00,0.00000000,125819.29778242,105919.29778242,19900.00
2025-11-28,0.00,0.00000000,125819.29778242,105919.29778242,19900.00
2025-11-29,0.00,0.00000000,125819.29778242,105919.29778242,19900.00
2025-11-30,0.00,0.00000000,125819.29778242,105919.29778242,19900.00
2025-12-01,300.00,0.00000000,126119.29778242,105919.29778242,20200.00
2025-12-02,0.00,0.00000000,126119.29778242,105919.29778242,20200.00
2025-12-03,0.00,0.00000000,126119.29778242,105919.29778242,20200.00
2025-12-04,0.00,-6259.45134490,119859.84643752,99659.84643752,20200.00
2025-12-05,0.00,0.00000000,119859.84643752,99659.84643752,20200.00
2025-12-06,0.00,0.00000000,119859.84643752,99659.84643752,20200.00
2025-12-07,0.00,0.00000000,119859.84643752,99659.84643752,20200.00
2025-12-08,0.00,0.00000000,119859.84643752,99659.84643752,20200.00
2025-12-09,0.00,-3669.37867970,116190.46775782,95990.46775782,20200.00
2025-12-10,0.00,404.25733294,116594.72509076,96394.72509076,20200.00
2025-12-11,0.00,-6297.90587117,110296.81921959,90096.81921959,20200.00
2025-12-12,0.00,-11531.36129953,98765.45792006,78565.45792006,20200.00
2025-12-13,0.00,0.00000000,98765.45792006,78565.45792006,20200.00
2025-12-14,0.00,0.00000000,98765.45792006,78565.45792006,20200.00
2025-12-15,0.00,0.00000000,98765.45792006,78565.45792006,20200.00
2025-12-16,0.00,0.00000000,98765.45792006,78565.45792006,20200.00
2025-12-17,0.00,0.00000000,98765.45792006,78565.45792006,20200.00
2025-12-18,0.00,0.00000000,98765.45792006,78565.45792006,20200.00
2025-12-19,0.00,0.00000000,98765.45792006,78565.45792006,20200.00
2025-12-20,0.00,0.00000000,98765.45792006,78565.45792006,20200.00
2025-12-21,0.00,0.00000000,98765.45792006,78565.45792006,20200.00
2025-12-22,0.00,0.00000000,98765.45792006,78565.45792006,20200.00
2025-12-23,0.00,0.00000000,98765.45792006,78565.45792006,20200.00
2025-12-24,0.00,0.00000000,98765.45792006,78565.45792006,20200.00
2025-12-25,0.00,0.00000000,98765.45792006,78565.45792006,20200.00
2025-12-26,0.00,0.00000000,98765.45792006,78565.45792006,20200.00
2025-12-27,0.00,0.00000000,98765.45792006,78565.45792006,20200.00
2025-12-28,0.00,0.00000000,98765.45792006,78565.45792006,20200.00
2025-12-29,0.00,0.00000000,98765.45792006,78565.45792006,20200.00
2025-12-30,0.00,0.00000000,98765.45792006,78565.45792006,20200.00
2025-12-31,0.00,0.00000000,98765.45792006,78565.45792006,20200.00
2026-01-01,300.00,0.00000000,99065.45792006,78565.45792006,20500.00
2026-01-02,0.00,4287.07982849,103352.53774855,82852.53774855,20500.00
2026-01-03,0.00,79.53890579,103432.07665434,82932.07665434,20500.00
2026-01-04,0.00,1140.42586683,104572.50252116,84072.50252116,20500.00
2026-01-05,0.00,5246.18338946,109818.68591062,89318.68591062,20500.00
2026-01-06,0.00,4667.59640066,114486.28231128,93986.28231128,20500.00
2026-01-07,0.00,-8435.60240244,106050.67990884,85550.67990884,20500.00
2026-01-08,0.00,-4103.48512922,101947.19477962,81447.19477962,20500.00
2026-01-09,0.00,-1233.45252602,100713.74225361,80213.74225361,20500.00
2026-01-10,0.00,-159.39126721,100554.35098640,80054.35098640,20500.00
2026-01-11,0.00,2351.84467199,102906.19565839,82406.19565839,20500.00
2026-01-12,0.00,-1889.16526465,101017.03039373,80517.03039373,20500.00
2026-01-13,0.00,15114.47749970,116131.50789343,95631.50789343,20500.00
2026-01-14,0.00,1813.43754203,117944.94543546,97444.94543546,20500.00
2026-01-15,0.00,-2414.50160119,115530.44383427,95030.44383427,20500.00
2026-01-16,0.00,-1479.52908264,114050.91475163,93550.91475163,20500.00
2026-01-17,0.00,876.56086188,114927.47561350,94427.47561350,20500.00
2026-01-18,0.00,-1729.19508565,113198.28052785,92698.28052785,20500.00
2026-01-19,0.00,-6230.01205551,106968.26847234,86468.26847234,20500.00
2026-01-20,0.00,-6397.28443806,100570.98403428,80070.98403428,20500.00
2026-01-21,0.00,0.00000000,100570.98403428,80070.98403428,20500.00
2026-01-22,0.00,0.00000000,100570.98403428,80070.98403428,20500.00
2026-01-23,0.00,0.00000000,100570.98403428,80070.98403428,20500.00
2026-01-24,0.00,0.00000000,100570.98403428,80070.98403428,20500.00
2026-01-25,0.00,0.00000000,100570.98403428,80070.98403428,20500.00
2026-01-26,0.00,0.00000000,100570.98403428,80070.98403428,20500.00
2026-01-27,0.00,0.00000000,100570.98403428,80070.98403428,20500.00
2026-01-28,0.00,0.00000000,100570.98403428,80070.98403428,20500.00
2026-01-29,0.00,0.00000000,100570.98403428,80070.98403428,20500.00
2026-01-30,0.00,0.00000000,100570.98403428,80070.98403428,20500.00
2026-01-31,0.00,0.00000000,100570.98403428,80070.98403428,20500.00
2026-02-01,300.00,0.00000000,100870.98403428,80070.98403428,20800.00
2026-02-02,0.00,0.00000000,100870.98403428,80070.98403428,20800.00
2026-02-03,0.00,0.00000000,100870.98403428,80070.98403428,20800.00
2026-02-04,0.00,0.00000000,100870.98403428,80070.98403428,20800.00
2026-02-05,0.00,0.00000000,100870.98403428,80070.98403428,20800.00
2026-02-06,0.00,0.00000000,100870.98403428,80070.98403428,20800.00
2026-02-07,0.00,0.00000000,100870.98403428,80070.98403428,20800.00
2026-02-08,0.00,0.00000000,100870.98403428,80070.98403428,20800.00
2026-02-09,0.00,0.00000000,100870.98403428,80070.98403428,20800.00
2026-02-10,0.00,0.00000000,100870.98403428,80070.98403428,20800.00
2026-02-11,0.00,0.00000000,100870.98403428,80070.98403428,20800.00
2026-02-12,0.00,0.00000000,100870.98403428,80070.98403428,20800.00
2026-02-13,0.00,0.00000000,100870.98403428,80070.98403428,20800.00
2026-02-14,0.00,0.00000000,100870.98403428,80070.98403428,20800.00
2026-02-15,0.00,0.00000000,100870.98403428,80070.98403428,20800.00
2026-02-16,0.00,0.00000000,100870.98403428,80070.98403428,20800.00
2026-02-17,0.00,0.00000000,100870.98403428,80070.98403428,20800.00
2026-02-18,0.00,0.00000000,100870.98403428,80070.98403428,20800.00
2026-02-19,0.00,0.00000000,100870.98403428,80070.98403428,20800.00
2026-02-20,0.00,0.00000000,100870.98403428,80070.98403428,20800.00
2026-02-21,0.00,0.00000000,100870.98403428,80070.98403428,20800.00
2026-02-22,0.00,0.00000000,100870.98403428,80070.98403428,20800.00
2026-02-23,0.00,0.00000000,100870.98403428,80070.98403428,20800.00
2026-02-24,0.00,0.00000000,100870.98403428,80070.98403428,20800.00
2026-02-25,0.00,0.00000000,100870.98403428,80070.98403428,20800.00
2026-02-26,0.00,0.00000000,100870.98403428,80070.98403428,20800.00
2026-02-27,0.00,0.00000000,100870.98403428,80070.98403428,20800.00
2026-02-28,0.00,0.00000000,100870.98403428,80070.98403428,20800.00
2026-03-01,300.00,0.00000000,101170.98403428,80070.98403428,21100.00
2026-03-02,0.00,0.00000000,101170.98403428,80070.98403428,21100.00
2026-03-03,0.00,0.00000000,101170.98403428,80070.98403428,21100.00
2026-03-04,0.00,-2300.71727661,98870.26675767,77770.26675767,21100.00
2026-03-05,0.00,-4593.83657586,94276.43018181,73176.43018181,21100.00
2026-03-06,0.00,0.00000000,94276.43018181,73176.43018181,21100.00
2026-03-07,0.00,0.00000000,94276.43018181,73176.43018181,21100.00
2026-03-08,0.00,0.00000000,94276.43018181,73176.43018181,21100.00
2026-03-09,0.00,0.00000000,94276.43018181,73176.43018181,21100.00
2026-03-10,0.00,0.00000000,94276.43018181,73176.43018181,21100.00
2026-03-11,0.00,0.00000000,94276.43018181,73176.43018181,21100.00
2026-03-12,0.00,0.00000000,94276.43018181,73176.43018181,21100.00
2026-03-13,0.00,-3101.99742196,91174.43275986,70074.43275986,21100.00
2026-03-14,0.00,-468.89067833,90705.54208152,69605.54208152,21100.00
2026-03-15,0.00,7195.14793923,97900.69002076,76800.69002076,21100.00
2026-03-16,0.00,15129.02373987,113029.71376063,91929.71376063,21100.00
2026-03-17,0.00,-3084.85557923,109944.85818140,88844.85818140,21100.00
2026-03-18,0.00,-9994.27111019,99950.58707121,78850.58707121,21100.00
2026-03-19,0.00,-5703.67753407,94246.90953714,73146.90953714,21100.00
2026-03-20,0.00,766.57766236,95013.48719950,73913.48719950,21100.00
2026-03-21,0.00,-5395.24379292,89618.24340657,68518.24340657,21100.00
2026-03-22,0.00,1425.94316159,91044.18656817,69944.18656817,21100.00
2026-03-23,0.00,-1546.49101306,89497.69555511,68397.69555511,21100.00
2026-03-24,0.00,359.62258894,89857.31814405,68757.31814405,21100.00
2026-03-25,0.00,1080.94334434,90938.26148839,69838.26148839,21100.00
2026-03-26,0.00,-7838.54787519,83099.71361321,61999.71361321,21100.00
2026-03-27,0.00,0.00000000,83099.71361321,61999.71361321,21100.00
2026-03-28,0.00,0.00000000,83099.71361321,61999.71361321,21100.00
2026-03-29,0.00,0.00000000,83099.71361321,61999.71361321,21100.00
2026-03-30,0.00,0.00000000,83099.71361321,61999.71361321,21100.00
2026-03-31,0.00,0.00000000,83099.71361321,61999.71361321,21100.00
2026-04-01,300.00,1230.96569041,84630.67930361,63230.67930361,21400.00
2026-04-02,0.00,-7244.37042219,77386.30888143,55986.30888143,21400.00
2026-04-03,0.00,0.00000000,77386.30888143,55986.30888143,21400.00
2026-04-04,0.00,0.00000000,77386.30888143,55986.30888143,21400.00
2026-04-05,0.00,0.00000000,77386.30888143,55986.30888143,21400.00
2026-04-06,0.00,-2069.32237833,75316.98650310,53916.98650310,21400.00
2026-04-07,0.00,5724.70662907,81041.69313217,59641.69313217,21400.00
2026-04-08,0.00,-3521.17398544,77520.51914673,56120.51914673,21400.00
2026-04-09,0.00,-2.26242101,77518.25672572,56118.25672572,21400.00
2026-04-10,0.00,3811.22863381,81329.48535953,59929.48535953,21400.00
2026-04-11,0.00,2797.74476021,84127.23011974,62727.23011974,21400.00
2026-04-12,0.00,-6464.80218330,77662.42793643,56262.42793643,21400.00
2026-04-13,0.00,12349.07619992,90011.50413636,68611.50413636,21400.00
2026-04-14,0.00,-3341.77139217,86669.73274418,65269.73274418,21400.00
2026-04-15,0.00,2608.52604974,89278.25879393,67878.25879393,21400.00
2026-04-16,0.00,-811.43227639,88466.82651753,67066.82651753,21400.00
2026-04-17,0.00,4900.00866748,93366.83518501,71966.83518501,21400.00
2026-04-18,0.00,-4731.89662269,88634.93856232,67234.93856232,21400.00
2026-04-19,0.00,-5946.50745674,82688.43110558,61288.43110558,21400.00
2026-04-20,0.00,3496.94441641,86185.37552200,64785.37552200,21400.00
2026-04-21,0.00,957.89119536,87143.26671736,65743.26671736,21400.00
2026-04-22,0.00,3227.07999249,90370.34670985,68970.34670985,21400.00
2026-04-23,0.00,-3061.82402673,87308.52268311,65908.52268311,21400.00
2026-04-24,0.00,-1007.77633381,86300.74634930,64900.74634930,21400.00
2026-04-25,0.00,317.85071964,86618.59706895,65218.59706895,21400.00
2026-04-26,0.00,3484.69307421,90103.29014316,68703.29014316,21400.00
2026-04-27,0.00,-4544.37890062,85558.91124254,64158.91124254,21400.00
2026-04-28,0.00,-920.46819395,84638.44304860,63238.44304860,21400.00
2026-04-29,0.00,-2575.10731495,82063.33573364,60663.33573364,21400.00
2026-04-30,0.00,-1045.04409646,81018.29163719,59618.29163719,21400.00
2026-05-01,300.00,1973.13446996,83291.42610715,61591.42610715,21700.00
2026-05-02,0.00,1574.31037211,84865.73647926,63165.73647926,21700.00
2026-05-03,0.00,401.26446170,85267.00094095,63567.00094095,21700.00
2026-05-04,0.00,1754.06421704,87021.06515800,65321.06515800,21700.00
2026-05-05,0.00,989.51417140,88010.57932940,66310.57932940,21700.00
2026-05-06,0.00,-681.35643552,87329.22289387,65629.22289387,21700.00
2026-05-07,0.00,-4305.48163868,83023.74125520,61323.74125520,21700.00
2026-05-08,0.00,-1139.37029733,81884.37095787,60184.37095787,21700.00
2026-05-09,0.00,1337.83585873,83222.20681660,61522.20681660,21700.00
2026-05-10,0.00,3193.34872080,86415.55553740,64715.55553740,21700.00
2026-05-11,0.00,-2294.04512860,84121.51040880,62421.51040880,21700.00
2026-05-12,0.00,-4977.47065340,79144.03975541,57444.03975541,21700.00
2026-05-13,0.00,-3988.36825643,75155.67149898,53455.67149898,21700.00
2026-05-14,0.00,0.00000000,75155.67149898,53455.67149898,21700.00
2026-05-15,0.00,0.00000000,75155.67149898,53455.67149898,21700.00
2026-05-16,0.00,0.00000000,75155.67149898,53455.67149898,21700.00
2026-05-17,0.00,0.00000000,75155.67149898,53455.67149898,21700.00
2026-05-18,0.00,0.00000000,75155.67149898,53455.67149898,21700.00
2026-05-19,0.00,0.00000000,75155.67149898,53455.67149898,21700.00
2026-05-20,0.00,0.00000000,75155.67149898,53455.67149898,21700.00
2026-05-21,0.00,0.00000000,75155.67149898,53455.67149898,21700.00
2026-05-22,0.00,0.00000000,75155.67149898,53455.67149898,21700.00
2026-05-23,0.00,0.00000000,75155.67149898,53455.67149898,21700.00
2026-05-24,0.00,0.00000000,75155.67149898,53455.67149898,21700.00
2026-05-25,0.00,0.00000000,75155.67149898,53455.67149898,21700.00
2026-05-26,0.00,0.00000000,75155.67149898,53455.67149898,21700.00
2026-05-27,0.00,0.00000000,75155.67149898,53455.67149898,21700.00
2026-05-28,0.00,0.00000000,75155.67149898,53455.67149898,21700.00
2026-05-29,0.00,0.00000000,75155.67149898,53455.67149898,21700.00
2026-05-30,0.00,0.00000000,75155.67149898,53455.67149898,21700.00
2026-05-31,0.00,0.00000000,75155.67149898,53455.67149898,21700.00
2026-06-01,300.00,0.00000000,75455.67149898,53455.67149898,22000.00
2026-06-02,0.00,0.00000000,75455.67149898,53455.67149898,22000.00
2026-06-03,0.00,0.00000000,75455.67149898,53455.67149898,22000.00
2026-06-04,0.00,0.00000000,75455.67149898,53455.67149898,22000.00
2026-06-05,0.00,0.00000000,75455.67149898,53455.67149898,22000.00
2026-06-06,0.00,0.00000000,75455.67149898,53455.67149898,22000.00
2026-06-07,0.00,0.00000000,75455.67149898,53455.67149898,22000.00
2026-06-08,0.00,0.00000000,75455.67149898,53455.67149898,22000.00
2026-06-09,0.00,0.00000000,75455.67149898,53455.67149898,22000.00
2026-06-10,0.00,0.00000000,75455.67149898,53455.67149898,22000.00
2026-06-11,0.00,0.00000000,75455.67149898,53455.67149898,22000.00
2026-06-12,0.00,0.00000000,75455.67149898,53455.67149898,22000.00
2026-06-13,0.00,0.00000000,75455.67149898,53455.67149898,22000.00
2026-06-14,0.00,0.00000000,75455.67149898,53455.67149898,22000.00
2026-06-15,0.00,0.00000000,75455.67149898,53455.67149898,22000.00
2026-06-16,0.00,0.00000000,75455.67149898,53455.67149898,22000.00
2026-06-17,0.00,0.00000000,75455.67149898,53455.67149898,22000.00
2026-06-18,0.00,0.00000000,75455.67149898,53455.67149898,22000.00
2026-06-19,0.00,0.00000000,75455.67149898,53455.67149898,22000.00
2026-06-20,0.00,0.00000000,75455.67149898,53455.67149898,22000.00
2026-06-21,0.00,0.00000000,75455.67149898,53455.67149898,22000.00
2026-06-22,0.00,0.00000000,75455.67149898,53455.67149898,22000.00
2026-06-23,0.00,0.00000000,75455.67149898,53455.67149898,22000.00
2026-06-24,0.00,0.00000000,75455.67149898,53455.67149898,22000.00
2026-06-25,0.00,0.00000000,75455.67149898,53455.67149898,22000.00
2026-06-26,0.00,0.00000000,75455.67149898,53455.67149898,22000.00
2026-06-27,0.00,0.00000000,75455.67149898,53455.67149898,22000.00
2026-06-28,0.00,0.00000000,75455.67149898,53455.67149898,22000.00
2026-06-29,0.00,0.00000000,75455.67149898,53455.67149898,22000.00
2026-06-30,0.00,0.00000000,75455.67149898,53455.67149898,22000.00
2026-07-01,300.00,0.00000000,75755.67149898,53455.67149898,22300.00
2026-07-02,0.00,0.00000000,75755.67149898,53455.67149898,22300.00
2026-07-03,0.00,1271.58416488,77027.25566385,54727.25566385,22300.00
2026-07-04,0.00,1948.93272210,78976.18838595,56676.18838595,22300.00
2026-07-05,0.00,422.47697273,79398.66535869,57098.66535869,22300.00
2026-07-06,0.00,1181.22836989,80579.89372857,58279.89372857,22300.00
2026-07-07,0.00,-2504.28848404,78075.60524453,55775.60524453,22300.00
2026-07-08,0.00,-2478.66167562,75596.94356891,53296.94356891,22300.00
2026-07-09,0.00,114.77084384,75711.71441275,53411.71441275,22300.00
2026-07-10,0.00,4543.19328803,80254.90770079,57954.90770079,22300.00
2026-07-11,0.00,-843.11580571,79411.79189507,57111.79189507,22300.00
2026-07-12,0.00,1685.08626446,81096.87815953,58796.87815953,22300.00
2026-07-13,0.00,-2642.26219906,78454.61596047,56154.61596047,22300.00
2026-07-14,0.00,10120.13592802,88574.75188849,66274.75188849,22300.00
2026-07-15,0.00,2241.58810613,90816.33999462,68516.33999462,22300.00
2026-07-16,0.00,-4706.43798879,86109.90200583,63809.90200583,22300.00
2026-07-17,0.00,-2017.48809797,84092.41390786,61792.41390786,22300.00
2026-07-18,0.00,1804.73117530,85897.14508316,63597.14508316,22300.00
2026-07-19,0.00,840.50345571,86737.64853886,64437.64853886,22300.00
2026-07-20,0.00,2806.39535510,89544.04389396,67244.04389396,22300.00
2026-07-21,0.00,2253.59218350,91797.63607746,69497.63607746,22300.00
2026-07-22,0.00,338.76366432,92136.39974178,69836.39974178,22300.00
2026-07-23,0.00,-4911.36718589,87225.03255589,64925.03255589,22300.00
2026-07-24,0.00,-1487.70421635,85737.32833955,63437.32833955,22300.00
2026-07-25,0.00,1157.36659886,86894.69493841,64594.69493841,22300.00
2026-07-26,0.00,7029.28118985,93923.97612825,71623.97612825,22300.00
2026-07-27,0.00,-5524.58254246,88399.39358579,66099.39358579,22300.00
2026-07-28,0.00,2613.38007069,91012.77365648,68712.77365648,22300.00
2026-07-29,0.00,-1033.20349918,89979.57015729,67679.57015729,22300.00
2026-07-30,0.00,654.24732931,90633.81748660,68333.81748660,22300.00
2026-07-31,0.00,-4907.10689269,85726.71059391,63426.71059391,22300.00
2026-08-01,300.00,-1566.29407368,84460.41652023,61860.41652023,22600.00
2026-08-02,0.00,3523.90012227,87984.31664249,65384.31664249,22600.00
2026-08-03,0.00,-3786.18268243,84198.13396006,61598.13396006,22600.00
2026-08-04,0.00,805.60215850,85003.73611856,62403.73611856,22600.00
2026-08-05,0.00,3569.42432089,88573.16043945,65973.16043945,22600.00
2026-08-06,0.00,-447.15380532,88126.00663413,65526.00663413,22600.00
2026-08-07,0.00,898.32244368,89024.32907781,66424.32907781,22600.00
2026-08-08,0.00,249.39600402,89273.72508183,66673.72508183,22600.00
2026-08-09,0.00,-614.99472858,88658.73035325,66058.73035325,22600.00
2026-08-10,0.00,-3434.45876123,85224.27159203,62624.27159203,22600.00
2026-08-11,0.00,848.46500756,86072.73659958,63472.73659958,22600.00
2026-08-12,0.00,-314.99721394,85757.73938564,63157.73938564,22600.00
2026-08-13,0.00,570.42335942,86328.16274506,63728.16274506,22600.00
2026-08-14,0.00,-371.56801203,85956.59473303,63356.59473303,22600.00
2026-08-15,0.00,4.52705568,85961.12178872,63361.12178872,22600.00
2026-08-16,0.00,-606.58652789,85354.53526082,62754.53526082,22600.00
2026-08-17,0.00,3409.90094537,88764.43620620,66164.43620620,22600.00
2026-08-18,0.00,383.78900292,89148.22520912,66548.22520912,22600.00
2026-08-19,0.00,30701.61958284,119849.84479196,97249.84479196,22600.00
2026-08-20,0.00,6726.48082984,126576.32562180,103976.32562180,22600.00
2026-08-21,0.00,17344.57023943,143920.89586124,121320.89586124,22600.00
2026-08-22,0.00,-8741.45613908,135179.43972216,112579.43972216,22600.00
2026-08-23,0.00,3710.55653892,138889.99626108,116289.99626108,22600.00
2026-08-24,0.00,1624.33184960,140514.32811068,117914.32811068,22600.00
2026-08-25,0.00,-3658.82689215,136855.50121853,114255.50121853,22600.00
2026-08-26,0.00,5818.23130984,142673.73252837,120073.73252837,22600.00
2026-08-27,0.00,334.47982281,143008.21235118,120408.21235118,22600.00
2026-08-28,0.00,-6239.48607740,136768.72627378,114168.72627378,22600.00
2026-08-29,0.00,1315.67050542,138084.39677921,115484.39677921,22600.00
2026-08-30,0.00,-3778.77052168,134305.62625753,111705.62625753,22600.00
2026-08-31,0.00,4645.34565971,138950.97191724,116350.97191724,22600.00
2026-09-01,300.00,-4535.52564722,134715.44627002,111815.44627002,22900.00
2026-09-02,0.00,-2458.03018470,132257.41608532,109357.41608532,22900.00
2026-09-03,0.00,10536.15637665,142793.57246197,119893.57246197,22900.00
2026-09-04,0.00,-4792.71923878,138000.85322319,115100.85322319,22900.00
2026-09-05,0.00,2233.86122775,140234.71445094,117334.71445094,22900.00
2026-09-06,0.00,3109.48453981,143344.19899076,120444.19899076,22900.00
2026-09-07,0.00,-2275.97058049,141068.22841027,118168.22841027,22900.00
2026-09-08,0.00,-483.70330220,140584.52510807,117684.52510807,22900.00
2026-09-09,0.00,-1588.60701634,138995.91809173,116095.91809173,22900.00
2026-09-10,0.00,-2729.88930843,136266.02878330,113366.02878330,22900.00
2026-09-11,0.00,7166.63798052,143432.66676382,120532.66676382,22900.00
2026-09-12,0.00,838.47810694,144271.14487075,121371.14487075,22900.00
2026-09-13,0.00,-4533.41631448,139737.72855627,116837.72855627,22900.00
2026-09-14,0.00,3488.47004906,143226.19860533,120326.19860533,22900.00
2026-09-15,0.00,-10684.69856170,132541.50004363,109641.50004363,22900.00
2026-09-16,0.00,1870.45513555,134411.95517918,111511.95517918,22900.00
2026-09-17,0.00,2618.33018126,137030.28536044,114130.28536044,22900.00
2026-09-18,0.00,15068.50388709,152098.78924753,129198.78924753,22900.00
2026-09-19,0.00,1813.60525459,153912.39450211,131012.39450211,22900.00
2026-09-20,0.00,1069.45074901,154981.84525112,132081.84525112,22900.00
2026-09-21,0.00,11932.55373895,166914.39899008,144014.39899008,22900.00
2026-09-22,0.00,-2052.81582050,164861.58316957,141961.58316957,22900.00
2026-09-23,0.00,-6400.20959910,158461.37357047,135561.37357047,22900.00
2026-09-24,0.00,255.53181833,158716.90538880,135816.90538880,22900.00
2026-09-25,0.00,330.50942941,159047.41481821,136147.41481821,22900.00
2026-09-26,0.00,357.22970858,159404.64452679,136504.64452679,22900.00
2026-09-27,0.00,-750.32281250,158654.32171429,135754.32171429,22900.00
2026-09-28,0.00,2.60764497,158656.92935927,135756.92935927,22900.00
2026-09-29,0.00,-1025.53604170,157631.39331757,134731.39331757,22900.00
2026-09-30,0.00,499.42225491,158130.81557248,135230.81557248,22900.00
